Taxa,S1Dry2022-1,S1Dry2022-2,S1Dry2022-3,S1Dry2022-4,S1Dry2022-5,S1Dry2022-6,S1Dry2022-7,S1Dry2022-8,S2Dry2022-1,S2Dry2022-2,S2Dry2022-3,S2Dry2022-4,S2Dry2022-5,S2Dry2022-6,S2Dry2022-7,S2Dry2022-8,S1Rainy2022-1,S1Rainy2022-2,S1Rainy2022-3,S1Rainy2022-4,S1Rainy2022-5,S1Rainy2022-6,S1Rainy2022-7,S1Rainy2022-8,S2Rainy2022-1,S2Rainy2022-2,S2Rainy2022-3,S2Rainy2022-4,S2Rainy2022-5,S2Rainy2022-6,S2Rainy2022-7,S2Rainy2022-8,S1Dry2022-9,S2Dry2022-9,S1Rainy2022-9,S2Rainy2022-9,S1Dry2023-1,S1Dry2023-2,S1Dry2023-3,S1Dry2023-4,S1Dry2023-5,S1Dry2023-6,S1Dry2023-7,S1Dry2023-8,S2Dry2023-1,S2Dry2023-2,S2Dry2023-3,S2Dry2023-4,S2Dry2023-5,S2Dry2023-6,S2Dry2023-7,S2Dry2023-8,S1Dry2023-9,S2Dry2023-9,S1Rainy2023-1,S1Rainy2023-2,S1Rainy2023-3,S1Rainy2023-4,S1Rainy2023-5,S1Rainy2023-6,S1Rainy2023-7,S1Rainy2023-8,S2Rainy2023-1,S2Rainy2023-2,S2Rainy2023-3,S2Rainy2023-4,S2Rainy2023-5,S2Rainy2023-6,S2Rainy2023-7,S2Rainy2023-8,S1Rainy2023-9,S2Rainy2023-9
asv0001_Endozoicomonadaceae,1112,989,947,1074,982,1014,951,1002,774,686,750,435,831,656,732,535,823,836,1002,808,822,508,524,0,723,938,859,813,814,528,624,670,0,0,0,0,1088,1131,1199,1132,1166,1122,1068,1011,914,856,936,959,988,1050,844,891,0,0,1046,614,975,669,1103,704,1101,809,1094,709,878,845,932,955,886,777,0,0
asv0002_Endozoicomonadaceae,935,916,927,946,846,948,887,985,699,597,696,452,766,675,636,577,866,767,862,817,816,461,395,0,827,881,771,812,827,656,532,693,0,0,0,0,970,989,1012,990,1064,1042,938,926,857,930,859,891,967,930,806,834,0,0,1147,723,1008,754,1125,765,1047,718,928,885,911,825,1000,944,994,875,0,0
asv0003_Endozoicomonadaceae,924,900,1031,951,881,886,936,826,787,643,680,426,756,765,696,559,735,823,911,774,736,582,475,0,794,848,833,769,961,740,618,617,0,0,0,0,1089,1053,1142,1046,969,1120,1072,988,876,807,743,830,936,894,939,867,0,0,904,404,853,730,875,723,914,622,835,743,727,666,883,781,765,680,0,0
asv0004_Endozoicomonadaceae,887,862,953,881,908,852,876,885,691,506,651,377,725,565,611,475,757,746,817,737,667,498,406,120,742,767,710,689,746,433,512,572,0,0,0,0,932,989,942,946,967,856,880,923,784,790,807,832,809,858,761,758,0,0,689,407,608,648,794,585,789,717,748,601,649,656,717,689,715,616,0,0
asv0005_Endozoicomonadaceae,815,822,876,910,813,820,807,838,695,679,671,420,740,651,637,525,778,773,809,613,687,330,403,0,734,731,655,624,753,441,465,589,0,0,0,0,988,996,951,901,987,985,945,860,761,796,805,871,690,822,802,715,0,0,771,583,706,754,842,622,757,638,733,558,738,620,748,685,668,673,0,0
asv0006_Endozoicomonadaceae,874,827,770,855,779,873,856,880,735,571,633,395,672,544,624,537,638,630,652,584,638,384,436,0,713,712,622,614,741,535,456,476,0,0,0,0,814,816,872,862,911,771,832,902,730,805,639,751,720,742,733,709,0,0,487,563,708,612,700,506,685,676,733,583,603,627,733,586,571,604,0,0
asv0007_Endozoicomonadaceae,821,805,826,765,775,720,799,795,618,586,697,333,595,623,590,488,675,771,812,543,600,335,477,0,640,663,709,654,741,509,447,542,0,0,0,0,828,798,826,880,917,778,901,818,695,732,726,720,727,746,738,723,0,0,991,590,697,667,840,600,899,697,830,613,711,613,849,796,728,764,0,0
asv0008_Endozoicomonadaceae,727,699,772,726,738,608,695,762,562,479,597,277,552,471,518,395,616,636,596,613,535,464,408,0,607,610,559,544,626,537,466,443,0,0,0,0,755,733,710,781,739,812,766,762,691,629,638,657,598,630,635,588,0,0,800,403,594,486,715,546,539,619,678,571,527,536,647,615,593,548,0,0
asv0009_Endozoicomonadaceae,544,639,602,593,602,576,604,544,498,412,461,273,500,469,493,348,507,488,621,622,501,421,278,0,641,607,572,521,524,436,366,383,0,0,0,0,686,729,676,682,738,673,732,616,613,646,486,644,602,584,622,516,0,0,727,363,610,429,657,433,637,576,539,481,508,540,617,619,537,496,0,0
asv0010_Endozoicomonadaceae,599,605,552,589,644,575,531,564,450,382,381,248,391,417,420,338,479,562,571,509,563,347,370,0,577,568,518,580,528,445,445,410,121,0,0,0,627,583,667,673,694,637,747,665,614,665,683,508,523,554,496,577,0,0,501,323,463,443,580,342,471,545,485,459,418,325,446,470,391,423,0,0
asv0011_Endozoicomonadaceae,515,569,568,554,526,558,561,580,460,383,473,227,450,426,543,370,527,476,556,545,524,407,396,0,451,516,471,551,547,443,353,386,0,0,0,0,665,606,722,696,605,675,671,645,657,555,525,581,510,556,499,496,0,0,667,409,665,411,563,413,554,555,526,502,455,455,542,464,502,494,0,0
asv0012_Endozoicomonadaceae,508,585,586,479,485,595,511,548,421,445,399,239,457,470,457,262,511,537,530,516,504,423,303,298,547,522,544,537,613,377,352,365,0,0,0,0,654,550,654,618,624,673,600,640,549,502,570,521,556,536,433,509,0,0,620,401,593,454,701,443,651,571,611,452,575,497,612,606,554,572,0,0
asv0013_Endozoicomonadaceae,583,575,595,540,542,561,530,551,445,372,462,256,435,430,412,400,480,448,581,555,515,323,374,0,536,456,548,527,504,300,302,441,0,0,0,0,673,653,653,582,687,584,584,632,527,532,503,514,630,539,564,507,0,0,519,504,513,433,666,413,647,518,565,575,436,416,571,552,545,465,0,0
asv0014_Endozoicomonadaceae,558,502,501,549,559,493,556,540,416,283,428,244,413,429,427,323,491,547,546,522,569,279,284,483,472,521,517,534,542,350,355,390,0,0,0,0,676,611,640,646,658,700,707,620,533,599,588,530,573,541,531,498,0,0,421,182,369,352,528,269,414,343,419,431,313,297,413,379,322,370,0,0
asv0015_Endozoicomonadaceae,524,553,506,501,461,489,507,478,355,346,403,233,414,373,383,388,472,514,483,445,459,374,351,0,469,484,473,429,519,434,370,450,0,0,0,0,570,583,610,599,683,600,672,572,554,527,463,470,563,550,558,451,0,0,475,297,522,466,546,468,536,475,496,411,488,430,510,466,434,449,0,0
asv0016_Endozoicomonadaceae,476,499,411,484,466,466,507,474,386,303,389,369,395,394,276,370,463,434,514,419,411,298,288,0,452,447,439,441,395,275,287,396,0,0,0,0,577,569,543,484,511,558,487,569,521,483,492,498,547,471,520,516,0,0,535,308,600,353,522,389,519,520,455,520,465,392,462,505,420,401,0,0
asv0017_Endozoicomonadaceae,483,487,427,469,461,556,455,443,336,286,430,334,376,428,310,311,419,361,436,400,354,270,267,0,390,418,427,416,378,314,265,332,0,0,0,0,575,532,529,506,497,507,481,505,474,452,391,418,490,430,527,511,0,0,548,329,471,399,557,319,483,483,468,428,442,331,510,457,410,366,0,0
asv0018_Endozoicomonadaceae,507,498,510,529,488,415,404,448,380,337,412,325,351,323,385,347,441,407,475,452,368,349,307,0,403,461,369,390,523,263,335,359,0,0,0,0,535,467,489,509,514,536,515,577,441,453,491,430,458,497,523,424,0,0,402,273,378,398,376,293,464,448,397,430,397,318,429,400,378,318,0,0
asv0019_Endozoicomonadaceae,410,493,470,404,413,374,481,451,425,329,347,167,375,328,332,328,456,457,396,430,334,384,314,0,399,438,391,409,449,306,341,331,0,0,0,0,498,537,527,522,467,555,584,515,412,389,538,454,409,435,452,447,0,0,704,328,456,446,627,429,584,504,559,487,464,384,489,449,435,467,0,0
asv0020_Endozoicomonadaceae,460,450,449,486,446,469,461,432,375,322,351,298,363,315,257,255,349,360,343,364,455,343,214,179,425,371,348,369,401,346,252,280,0,0,0,0,482,474,431,454,462,456,469,473,370,373,453,388,441,422,463,417,0,0,485,215,350,309,403,317,348,334,373,475,423,284,380,356,278,259,0,0
asv0021_Endozoicomonadaceae,410,401,413,478,454,406,472,437,382,314,376,298,317,333,261,314,321,352,376,356,337,371,189,0,389,324,336,402,352,350,316,271,0,0,0,0,515,459,469,419,458,449,476,437,391,398,349,416,405,436,476,389,0,0,375,237,366,256,378,252,422,265,330,409,400,313,406,350,278,327,0,0
asv0022_Endozoicomonadaceae,429,443,402,386,468,395,424,450,309,313,283,276,359,285,271,284,325,284,342,371,334,330,242,0,344,354,327,307,370,405,265,307,0,0,0,0,415,387,395,436,410,420,442,435,386,406,367,383,362,340,453,387,0,0,262,316,396,241,371,221,383,304,296,328,377,251,329,344,277,307,0,0
asv0023_Endozoicomonadaceae,363,385,374,421,424,342,383,382,318,257,324,254,345,301,284,275,365,367,378,392,315,172,239,0,365,356,322,330,394,206,234,281,0,0,0,0,434,445,436,411,441,497,424,516,415,367,337,356,330,368,483,353,0,0,477,298,402,337,407,286,493,449,368,452,305,367,454,385,397,289,0,0
asv0024_Endozoicomonadaceae,376,357,369,415,328,385,341,324,260,206,285,257,304,275,232,213,297,320,303,352,268,269,173,0,283,325,295,285,306,294,288,270,0,0,0,0,418,345,375,379,356,389,354,375,361,324,376,301,286,354,420,318,0,0,362,185,302,245,400,306,268,370,284,319,361,253,318,335,300,233,0,0
asv0025_Endozoicomonadaceae,329,300,337,309,292,318,348,321,267,203,311,103,258,331,303,247,334,307,364,347,340,204,194,0,363,295,337,328,344,259,220,222,0,0,0,0,451,412,378,386,416,446,432,400,336,396,338,335,332,337,344,361,0,0,295,176,327,164,305,171,386,251,328,273,245,223,303,288,229,216,0,0
asv0026_Endozoicomonadaceae,243,275,275,314,269,305,297,272,218,218,212,179,206,252,225,201,264,307,319,238,278,133,150,0,277,249,269,289,268,318,194,200,0,0,0,0,405,349,369,330,379,304,349,383,357,317,311,302,333,246,323,313,0,0,247,235,242,217,424,192,280,291,259,314,252,258,262,217,275,268,0,0
asv0027_Endozoicomonadaceae,109,142,96,118,112,137,92,130,120,126,137,99,131,103,106,90,84,53,53,76,61,0,0,0,149,161,126,130,149,0,137,112,0,0,0,0,0,0,0,0,0,0,0,0,165,177,186,147,198,109,182,156,0,0,0,0,0,0,0,0,0,183,179,160,167,0,200,155,160,144,0,0
asv0028_Endozoicomonadaceae,93,78,93,79,119,130,85,108,121,132,139,105,118,116,89,92,69,80,74,46,90,0,73,0,146,167,121,140,116,0,113,116,0,0,0,0,0,0,0,0,0,0,0,0,150,183,147,156,171,102,133,136,0,0,0,0,0,0,0,0,0,187,119,148,151,158,189,178,157,131,0,0
asv0029_Endozoicomonadaceae,114,92,102,87,100,97,94,124,138,155,147,75,108,154,100,71,83,67,67,91,85,0,62,0,83,147,133,189,139,0,110,98,0,0,0,0,0,0,0,0,0,0,0,0,175,166,137,110,140,92,113,165,0,0,0,0,0,0,164,0,0,0,99,0,137,0,157,147,155,152,0,0
asv0030_Endozoicomonadaceae,93,113,67,116,141,114,66,109,109,129,148,102,183,128,115,72,50,89,98,49,79,0,93,0,117,120,112,130,130,0,102,96,0,0,0,0,0,0,0,0,0,0,0,0,187,144,136,150,102,78,179,169,0,0,0,0,0,0,0,0,0,0,90,0,117,0,115,119,118,137,0,0
asv0031_Endozoicomonadaceae,105,96,85,93,109,98,79,99,112,115,121,68,167,107,127,84,46,40,63,59,51,0,0,0,96,88,139,161,186,0,65,87,0,0,0,0,0,0,0,0,0,0,0,0,136,149,101,134,145,80,115,147,0,0,0,0,0,0,0,0,0,0,148,0,0,0,155,162,152,85,0,0
asv0032_Endozoicomonadaceae,91,84,85,107,83,95,90,121,97,103,124,87,103,90,94,56,55,92,76,55,75,0,53,0,152,147,119,124,198,0,110,80,0,0,0,0,0,0,0,0,0,0,0,0,110,114,148,105,109,79,125,173,0,0,0,0,0,0,0,0,0,0,143,133,125,0,160,162,121,152,0,0
asv0033_Endozoicomonadaceae,86,91,88,88,108,93,61,117,122,112,116,73,96,106,111,53,51,62,74,0,53,0,41,0,137,134,108,180,148,0,75,92,0,0,0,0,0,0,0,0,0,0,0,0,130,135,117,151,118,70,114,135,0,0,0,0,0,0,0,0,0,0,133,137,0,0,117,127,116,106,0,0
asv0034_Endozoicomonadaceae,92,86,52,75,96,85,71,73,91,83,105,83,89,85,104,95,69,58,53,34,37,0,0,0,79,146,96,134,135,0,90,81,0,0,0,0,0,0,0,0,0,0,0,0,121,125,117,128,112,60,107,130,0,0,0,0,0,0,0,0,0,0,79,0,0,0,125,179,112,91,0,0
asv0035_Endozoicomonadaceae,83,77,51,48,77,70,57,64,95,102,99,52,82,102,68,84,51,47,41,58,38,0,0,0,106,99,81,96,115,0,81,96,0,0,0,0,0,0,0,0,0,0,0,0,135,98,111,110,117,65,103,115,0,0,0,0,0,0,0,0,0,0,73,0,0,0,104,86,93,80,0,0
asv0036_Endozoicomonadaceae,66,72,62,53,58,66,55,50,73,62,73,59,96,85,92,65,59,77,0,32,45,0,0,0,122,90,87,93,110,0,69,75,0,0,0,0,0,0,0,0,0,0,0,0,84,102,100,100,94,57,119,68,0,0,0,0,0,0,0,0,0,0,103,0,0,0,107,118,104,108,0,0
asv0037_Endozoicomonadaceae,53,59,59,57,78,66,33,60,81,60,81,41,74,71,77,42,33,89,36,0,36,0,0,0,92,91,119,91,141,0,75,72,0,0,0,0,0,0,0,0,0,0,0,0,107,111,86,99,82,55,90,91,0,0,0,0,0,0,0,0,0,0,0,0,0,0,127,97,70,70,0,0
asv0038_Endozoicomonadaceae,50,57,57,43,53,79,42,73,50,74,83,65,87,59,65,68,48,52,57,24,61,0,0,0,80,67,56,93,110,0,58,77,0,0,0,0,0,0,0,0,0,0,0,0,115,113,101,80,102,54,92,102,0,0,0,0,0,0,0,0,0,155,86,111,105,0,82,96,103,92,0,0
asv0039_Endozoicomonadaceae,38,50,56,47,67,50,55,43,60,72,56,57,72,56,79,46,39,48,61,42,32,0,31,0,60,71,68,74,73,0,62,46,0,0,0,0,0,0,0,0,0,0,0,0,79,86,76,101,85,49,84,102,0,0,0,0,0,0,0,0,0,97,98,72,92,119,89,104,79,64,0,0
asv0040_Endozoicomonadaceae,63,64,52,47,53,52,38,45,48,70,80,73,66,45,71,46,38,80,32,34,28,0,18,0,89,83,68,84,84,0,55,69,0,0,0,0,0,0,0,0,0,0,0,0,98,82,69,80,89,37,76,115,0,0,0,0,0,0,86,0,0,0,76,0,89,0,69,71,85,70,0,0
asv0041_Endozoicomonadaceae,21,8,49,13,14,21,29,15,213,278,125,512,44,103,100,168,0,89,0,65,0,0,0,0,0,0,35,11,0,0,0,30,0,0,0,0,0,10,0,18,0,0,0,0,0,23,0,0,0,0,0,0,0,0,0,0,248,771,0,0,0,374,445,0,0,0,0,0,169,0,0,0
asv0042_Endozoicomonadaceae,10,18,29,10,16,20,29,8,172,251,145,384,55,91,104,124,38,0,122,0,0,0,0,0,0,35,0,0,0,499,0,0,0,0,0,0,0,0,0,11,0,0,0,19,27,30,72,5,0,26,0,0,0,0,0,0,0,0,759,0,0,0,0,0,0,0,140,0,0,184,0,0
asv0043_Endozoicomonadaceae,27,34,49,54,42,49,35,44,53,59,50,55,72,68,47,45,43,12,22,35,48,0,15,0,96,64,38,62,67,0,48,32,0,0,0,0,0,0,0,0,0,0,0,0,75,59,77,69,75,56,97,94,0,0,0,0,0,0,0,0,0,0,60,91,100,0,86,110,80,70,0,0
asv0044_Cyanobiaceae,0,0,0,0,0,0,0,0,0,0,0,0,0,0,0,0,0,0,0,0,0,533,0,503,0,0,72,0,0,0,0,0,487,820,672,565,0,0,0,0,0,0,0,0,0,0,0,0,0,0,0,0,729,611,0,0,0,0,0,0,0,0,0,0,0,0,0,0,0,0,545,521
asv0045_Vibrionaceae,0,0,0,11,0,0,0,0,19,31,0,47,97,139,107,261,153,0,55,41,111,0,460,217,81,55,126,150,0,0,246,124,0,0,0,0,0,33,67,0,0,0,82,27,0,0,54,17,17,0,0,82,0,0,1076,0,0,0,0,0,245,0,0,0,0,0,0,0,0,0,0,0
asv0046_Endozoicomonadaceae,12,7,23,2,17,21,26,9,156,187,155,377,61,82,96,168,34,22,50,31,0,250,0,0,0,0,0,10,0,314,69,0,0,0,0,0,0,3,0,8,0,0,0,18,0,16,22,0,77,14,0,0,0,0,0,0,123,0,293,0,0,0,0,0,0,0,0,0,0,140,0,0
asv0047_Endozoicomonadaceae,17,29,19,6,6,17,18,11,152,205,154,380,35,89,125,101,39,0,29,0,0,0,163,0,0,0,0,22,0,0,0,0,0,0,0,0,0,16,0,11,0,25,0,0,52,10,18,23,0,0,0,84,0,0,0,0,0,0,0,0,0,0,0,0,229,0,0,0,0,0,0,0
asv0048_Endozoicomonadaceae,55,42,37,36,51,35,31,41,61,56,77,88,37,40,31,52,31,15,24,17,29,0,0,0,65,68,77,71,66,0,38,33,0,0,0,0,0,0,0,0,0,0,0,0,60,67,81,55,79,30,78,72,0,0,0,0,0,0,0,0,0,0,72,0,0,0,76,46,43,39,0,0
asv0049_Cyanobiaceae,0,0,0,0,0,0,0,0,8,0,0,0,0,0,0,0,0,0,0,0,0,0,0,0,0,0,0,0,0,0,0,0,520,624,565,476,0,0,0,0,0,0,0,0,0,0,0,0,0,0,0,0,615,597,0,0,0,0,0,0,0,0,0,0,0,0,0,134,0,0,558,591
asv0050_Vibrionaceae,0,0,0,0,0,0,27,20,0,22,41,0,61,100,81,207,80,0,0,109,124,0,505,300,123,65,132,141,28,0,199,191,0,0,0,0,27,19,0,35,0,0,0,40,0,0,0,0,0,0,0,0,332,0,0,0,0,0,0,0,0,0,0,0,0,0,0,0,0,0,0,0
asv0051_Cyanobiaceae,0,0,0,0,0,0,0,0,0,0,0,0,0,0,0,0,0,0,0,0,0,0,0,107,0,0,0,0,0,500,0,0,504,662,469,583,0,0,0,0,0,0,0,0,0,0,0,0,0,0,0,0,532,665,0,0,0,0,0,0,0,0,0,0,0,0,0,0,0,0,433,408
asv0052_Endozoicomonadaceae,28,23,34,51,45,39,26,45,45,32,35,36,44,45,49,39,45,17,10,32,28,0,0,0,50,91,60,58,58,0,35,51,0,0,0,0,0,0,0,0,0,0,0,0,73,65,54,55,62,41,83,71,0,0,0,0,0,0,0,0,0,0,44,0,0,0,62,33,37,67,0,0
asv0053_Endozoicomonadaceae,22,14,14,9,18,17,26,10,105,221,126,369,54,54,60,93,0,28,0,96,0,0,0,0,0,0,0,43,0,0,0,0,0,0,0,0,0,23,0,6,0,0,0,5,0,19,0,0,0,0,0,0,0,0,0,770,0,0,0,0,0,0,0,0,0,0,0,0,68,0,0,0
asv0054_Cyanobiaceae,0,0,0,0,0,0,0,0,0,36,0,0,0,0,0,0,0,0,0,0,0,0,0,408,0,0,0,0,0,0,0,0,437,624,462,478,0,0,0,0,0,0,0,0,0,0,0,0,0,0,0,0,553,521,0,0,0,0,0,0,0,0,0,0,0,0,0,0,0,0,369,358
asv0055_Vibrionaceae,0,0,0,0,0,0,0,0,0,28,0,0,68,102,96,168,115,52,115,156,103,0,392,302,124,68,107,91,0,0,195,142,0,0,0,0,0,16,0,0,0,0,0,23,21,0,0,26,0,20,0,0,0,0,0,0,0,300,0,210,0,0,0,0,0,0,0,0,0,0,0,0
asv0056_Cyanobiaceae,0,0,0,0,0,0,0,0,0,0,0,0,0,0,0,0,0,0,0,0,0,0,0,0,0,0,0,0,0,0,0,0,428,595,538,522,0,0,0,0,0,0,0,0,0,0,0,0,9,0,0,0,558,472,0,0,0,0,0,0,0,0,0,0,0,0,0,0,0,0,405,449
asv0057_Endozoicomonadaceae,27,21,32,20,35,32,25,39,38,46,40,55,36,42,66,33,30,30,0,42,27,0,0,0,46,35,64,53,56,0,55,44,0,0,0,0,0,0,0,0,0,0,0,0,59,62,51,42,18,44,73,71,0,0,0,0,0,0,0,0,0,0,67,0,0,0,59,39,59,52,0,0
asv0058_Cyanobiaceae,0,0,0,0,0,0,0,0,0,0,0,0,0,0,0,0,0,0,0,0,0,0,0,0,0,0,0,0,0,0,0,0,311,552,412,488,0,0,0,0,0,0,0,0,0,0,0,0,0,0,0,0,592,613,0,0,0,0,0,0,0,0,0,0,109,0,0,0,0,0,403,451
asv0059_Endozoicomonadaceae,12,8,21,7,17,12,18,8,147,203,164,429,60,57,104,97,11,0,0,0,0,0,0,0,0,20,0,0,0,0,0,0,0,0,0,0,0,6,0,7,0,0,0,10,11,12,29,0,0,0,0,0,0,0,0,0,0,0,0,0,0,0,0,0,0,0,0,0,0,0,0,0
asv0060_Endozoicomonadaceae,36,29,42,28,32,44,25,44,37,28,55,47,45,34,29,45,29,47,0,38,26,0,0,0,18,44,54,59,83,0,51,22,0,0,0,0,0,0,0,0,0,0,0,0,42,59,48,61,30,33,39,55,0,0,0,0,0,0,0,0,0,0,0,0,0,0,38,41,41,30,0,0
asv0061_Endozoicomonadaceae,28,33,27,34,44,31,32,39,49,37,44,31,53,40,40,22,29,21,38,27,7,0,0,0,37,54,52,47,46,0,43,48,0,0,0,0,0,0,0,0,0,0,0,0,42,27,57,37,69,32,59,47,0,0,0,0,0,0,0,0,0,0,55,0,0,0,81,0,36,46,0,0
asv0062_Cyanobiaceae,0,0,0,0,0,0,0,0,0,0,0,0,0,0,0,0,0,0,0,0,0,312,0,152,0,0,62,0,0,267,0,0,355,571,446,416,0,0,0,0,0,0,0,0,0,0,0,0,0,0,0,0,448,364,0,0,0,180,0,0,0,0,0,0,0,0,0,0,0,0,362,402
asv0063_Endozoicomonadaceae,28,21,22,21,26,27,26,37,56,38,52,43,31,35,38,15,16,0,43,21,18,0,0,0,46,41,46,58,48,0,46,40,0,0,0,0,0,0,0,0,0,0,0,0,49,42,72,56,42,27,87,59,0,0,0,0,0,0,0,0,0,0,0,0,0,0,67,58,44,34,0,0
asv0064_Endozoicomonadaceae,6,9,13,16,10,9,31,14,115,164,116,376,27,85,73,120,30,0,0,0,104,0,0,0,0,0,0,0,0,0,0,79,0,0,0,0,0,6,0,7,0,0,0,0,0,0,0,0,0,0,0,0,0,0,0,0,510,0,0,0,0,0,0,0,0,0,0,0,0,0,0,0
asv0065_Cyanobiaceae,0,0,0,0,0,0,0,0,0,0,0,0,0,0,0,0,0,0,0,0,0,90,0,205,0,0,0,0,0,0,0,0,323,646,391,409,0,0,0,0,0,0,0,0,0,0,0,0,0,0,0,0,432,552,0,0,0,0,0,0,0,0,0,0,0,0,0,0,0,0,296,381
asv0066_Cyanobiaceae,0,0,0,0,0,0,0,0,0,0,0,0,0,0,0,0,0,0,0,0,0,0,0,0,0,0,0,0,0,0,0,0,301,468,294,336,0,0,0,0,0,0,0,0,0,0,0,0,0,0,0,0,485,511,0,0,0,0,0,0,0,0,0,0,0,0,0,0,195,216,341,342
asv0067_Endozoicomonadaceae,4,10,30,6,22,16,18,11,115,164,99,334,42,64,99,79,0,0,0,0,0,0,0,0,0,24,0,0,0,0,0,0,0,0,0,0,0,0,0,6,0,0,0,0,38,0,0,6,0,0,0,0,0,0,0,0,0,545,0,0,0,0,0,0,0,0,0,0,0,0,0,0
asv0068_Vibrionaceae,0,0,0,0,0,0,0,0,0,24,41,0,49,115,84,122,103,0,138,119,71,0,331,0,64,50,89,72,0,0,185,194,0,0,0,0,0,26,0,0,31,0,0,0,0,0,0,19,0,0,0,11,0,0,0,0,0,0,0,0,0,0,0,0,0,0,0,98,0,0,0,0
asv0069_Vibrionaceae,0,0,0,0,0,0,0,0,37,21,19,0,97,92,102,123,63,148,0,55,107,0,349,42,74,46,92,78,51,0,183,129,0,0,0,0,0,30,0,0,0,0,0,11,0,0,0,0,0,21,0,0,0,0,0,0,0,0,0,0,0,0,0,0,0,0,0,0,0,0,0,0
asv0070_Vibrionaceae,0,0,0,0,0,0,13,15,0,23,24,0,73,74,57,203,100,24,36,0,88,0,337,293,97,57,88,109,0,0,215,152,0,0,0,0,0,16,0,16,0,0,0,19,0,0,0,0,0,17,0,0,0,0,0,0,0,0,0,0,0,0,0,0,0,0,0,0,0,0,0,0
asv0071_Cyanobiaceae,0,0,0,0,0,0,0,0,0,0,0,0,0,0,0,0,0,0,0,0,0,573,0,360,0,0,27,0,0,0,0,0,253,427,328,419,0,0,0,0,0,0,0,0,0,0,0,0,0,0,0,0,443,393,0,0,0,0,0,0,0,0,0,0,0,0,0,0,0,0,244,330
asv0072_Vibrionaceae,0,0,0,0,0,0,0,0,32,17,0,0,63,91,93,169,70,131,42,0,85,0,349,184,76,38,74,113,0,0,223,156,0,0,0,0,0,19,22,0,0,0,0,41,0,0,0,0,0,0,0,0,0,0,0,0,0,0,0,0,0,0,0,0,0,0,0,0,0,0,0,0
asv0073_Cyanobiaceae,0,0,0,0,0,0,0,0,0,0,0,0,0,0,0,0,0,0,0,0,0,0,0,600,0,0,0,0,0,0,88,0,203,561,349,343,0,0,0,0,0,0,0,0,0,0,0,0,0,0,0,0,449,373,0,0,0,0,0,0,0,0,0,0,0,0,0,0,0,0,283,310
asv0074_Cyanobiaceae,0,0,0,0,0,0,0,0,0,0,0,0,0,0,0,0,0,0,0,0,0,0,0,0,0,0,0,0,0,0,0,0,268,521,361,358,0,0,0,0,0,0,0,0,0,0,0,0,0,0,0,0,414,443,0,0,0,0,0,0,0,0,0,0,0,335,0,0,0,0,321,365
asv0075_Vibrionaceae,0,18,0,0,0,0,0,0,0,23,0,72,66,92,52,133,74,0,0,0,92,0,291,0,56,43,107,78,0,0,145,110,0,0,0,0,0,13,0,12,0,0,38,21,0,0,0,0,0,0,0,0,0,0,821,0,0,0,0,0,0,0,306,0,0,0,0,0,0,0,81,0
asv0076_Cyanobiaceae,0,0,0,0,0,0,0,0,0,0,0,0,0,0,0,0,0,0,0,0,0,0,0,0,0,0,0,0,0,0,0,0,292,525,399,416,0,0,0,0,0,0,0,0,0,0,0,0,0,0,0,0,358,391,0,0,0,0,0,0,0,0,0,0,0,0,0,49,0,0,217,288
asv0077_Cyanobiaceae,0,0,0,0,0,0,0,0,0,0,0,0,0,0,0,0,0,0,0,0,0,0,0,0,0,0,0,0,0,0,0,0,270,429,346,379,0,0,0,0,0,0,0,0,0,0,0,38,0,0,0,0,327,413,0,0,0,0,0,0,0,0,0,0,0,0,0,0,0,0,330,359
asv0078_Endozoicomonadaceae,4,4,13,4,14,4,15,8,103,110,92,261,36,51,50,95,0,57,0,72,0,0,0,0,0,0,38,7,0,0,0,9,0,0,0,0,0,1,0,6,0,0,0,0,0,16,0,0,0,0,0,0,0,0,0,0,139,0,0,0,0,350,0,227,0,0,0,0,113,0,0,0
asv0079_Cyanobiaceae,0,0,0,0,0,0,0,0,0,0,0,0,0,0,0,0,0,0,0,0,0,0,0,0,0,0,0,0,0,0,0,0,222,480,375,361,0,0,0,0,0,0,2,0,0,0,0,0,0,0,0,0,359,382,0,0,0,0,0,0,0,0,0,0,0,0,0,0,0,0,230,301
asv0080_Cyanobiaceae,0,0,0,0,0,0,0,0,0,0,0,0,0,0,0,0,0,0,0,0,0,0,0,182,0,0,0,0,0,0,0,0,237,537,401,375,0,0,0,0,0,0,0,0,0,0,0,0,0,0,0,0,343,426,0,0,0,0,0,0,0,0,0,0,0,0,0,0,0,0,216,246
asv0081_Endozoicomonadaceae,8,5,7,7,11,3,14,15,103,127,102,201,29,57,79,87,0,49,0,0,0,0,0,0,0,0,0,0,0,0,79,0,0,0,0,0,0,3,0,9,0,0,0,12,0,47,0,0,0,0,0,0,0,0,0,0,0,0,0,0,0,206,0,0,0,0,0,0,28,0,0,0
asv0082_Cyanobiaceae,0,0,0,0,0,0,0,0,0,0,0,0,0,0,0,0,0,0,0,0,0,0,0,83,0,0,0,0,0,407,0,0,240,419,364,311,0,0,0,0,0,0,0,0,0,0,0,0,0,0,0,0,388,393,0,0,0,0,0,0,0,0,0,0,0,0,0,0,0,0,202,258
asv0083_Cyanobiaceae,0,0,0,0,0,0,0,0,12,0,0,0,0,0,0,0,0,0,0,0,0,0,0,0,0,0,0,0,0,0,0,0,198,434,374,288,0,0,0,0,0,0,0,0,0,0,0,0,0,0,0,0,345,337,0,0,0,0,0,0,0,0,0,0,0,0,0,0,0,0,303,326
asv0084_Cyanobiaceae,0,0,0,0,0,0,0,0,0,0,0,0,0,0,0,0,0,0,0,0,0,0,0,0,0,0,0,0,0,0,0,0,215,321,366,376,0,0,0,0,0,0,0,0,0,0,0,0,0,0,0,0,284,358,0,0,0,0,0,0,0,0,0,0,0,0,0,0,0,0,281,291
asv0085_Endozoicomonadaceae,6,7,14,11,7,19,16,6,85,100,86,188,21,58,43,55,34,0,59,0,0,0,0,0,0,26,0,0,0,306,0,0,0,0,0,0,0,0,0,15,0,0,0,8,32,20,24,6,0,0,0,0,0,0,0,0,0,0,0,0,0,0,0,0,0,0,0,0,0,112,0,0
asv0086_Vibrionaceae,0,17,0,0,0,0,0,0,0,21,0,0,43,66,69,156,57,32,0,0,62,0,261,0,62,42,57,68,19,0,175,183,0,0,0,0,0,9,0,0,0,0,0,0,0,0,0,0,0,11,0,0,0,0,0,693,0,0,0,0,0,0,0,0,0,0,0,0,0,0,22,0
asv0087_Cyanobiaceae,0,0,0,0,0,0,0,0,0,0,0,0,0,0,0,0,0,0,0,0,0,0,0,0,0,0,0,0,0,0,0,69,255,327,306,253,0,0,0,0,0,0,0,0,0,0,0,0,0,0,0,0,325,360,0,0,0,0,0,0,0,0,0,0,37,0,0,0,0,0,220,274
asv0088_Rhodobacteraceae,0,0,0,0,0,0,0,19,0,0,0,42,0,0,0,0,0,66,0,0,0,397,0,632,0,0,0,0,0,493,0,102,0,0,0,0,0,0,0,0,0,0,0,0,0,0,123,26,0,48,0,66,0,0,0,0,535,0,0,428,203,0,0,0,0,0,148,0,170,53,0,0
asv0089_Vibrionaceae,0,0,0,0,0,0,0,0,0,15,10,0,27,68,68,138,53,0,25,42,51,0,245,0,36,42,49,80,0,0,137,87,0,0,0,0,0,16,4,0,0,0,0,0,0,29,27,10,0,0,0,0,0,0,0,0,0,0,0,0,114,0,0,0,0,0,0,0,0,0,0,0
asv0090_Cyanobiaceae,0,0,0,0,0,0,0,0,0,23,0,0,0,0,0,0,0,0,0,0,0,0,0,249,0,0,0,0,0,0,0,0,236,287,322,346,0,0,0,0,0,0,0,0,0,0,0,0,0,0,0,0,321,299,0,0,0,0,0,0,0,0,0,0,0,0,0,0,0,0,213,246
asv0091_Vibrionaceae,0,0,0,0,0,0,0,0,0,9,0,9,45,66,51,119,75,0,0,36,74,0,217,0,86,24,48,90,49,0,153,89,0,0,0,0,0,24,0,0,0,40,0,0,0,0,0,0,0,0,0,29,0,0,0,0,0,0,0,0,0,0,0,0,0,0,0,0,0,0,46,0
asv0092_Vibrionaceae,0,0,0,0,0,0,0,0,0,13,0,0,47,94,70,93,71,0,40,34,90,0,206,0,64,54,81,75,0,0,162,115,0,0,0,0,0,19,0,0,0,0,0,0,0,0,0,0,0,0,0,0,0,0,0,0,0,0,0,0,0,644,0,0,0,0,0,0,0,0,0,0
asv0093_Cyanobiaceae,0,0,0,0,0,0,0,0,0,0,0,0,0,0,0,0,0,0,0,0,0,0,0,0,0,0,0,0,0,0,0,0,202,365,291,292,0,0,0,0,0,0,0,0,0,0,0,0,0,0,0,0,333,354,0,0,0,0,0,0,0,0,0,0,0,0,0,0,0,0,234,256
asv0094_Vibrionaceae,0,0,0,0,0,0,0,0,15,35,0,0,51,85,61,138,64,0,25,44,56,0,211,0,65,39,58,70,0,0,152,116,0,0,0,0,0,10,0,0,0,0,0,21,0,0,0,5,0,14,0,0,0,0,0,0,0,0,0,0,0,0,0,0,0,0,0,0,0,0,0,0
asv0095_Endozoicomonadaceae,7,3,5,1,16,15,18,10,68,96,66,213,34,42,51,34,20,0,15,0,0,0,0,0,0,0,0,12,0,0,0,0,0,0,0,0,0,5,0,3,0,18,0,0,26,8,6,17,0,0,0,0,0,0,0,0,0,0,0,0,0,0,0,0,169,0,0,0,0,0,0,0
asv0096_Vibrionaceae,0,0,0,0,0,0,0,0,0,3,0,0,32,70,55,113,75,0,22,36,38,0,172,0,61,49,46,95,0,0,170,125,0,0,0,0,0,12,0,0,0,0,0,0,0,0,0,0,0,0,77,0,0,0,0,0,0,0,0,0,0,0,0,0,0,274,0,0,0,0,0,0
asv0097_Rhodobacteraceae,0,0,0,0,0,0,0,0,0,0,0,0,0,0,0,0,0,0,0,0,0,0,96,237,0,0,0,0,0,0,0,0,0,0,0,0,0,0,0,0,0,0,0,20,0,0,0,31,0,14,104,0,0,0,0,0,0,520,0,567,225,769,0,0,167,0,0,310,114,0,0,0
asv0098_Endozoicomonadaceae,4,10,13,12,10,3,10,6,68,94,81,181,32,33,54,79,0,23,0,53,0,0,0,0,0,0,0,46,0,0,0,0,0,0,0,0,0,12,0,3,0,0,0,1,0,13,0,0,0,0,0,0,0,0,0,0,0,0,0,0,0,0,0,0,0,0,0,0,51,0,0,0
asv0099_Endozoicomonadaceae,6,11,14,11,9,15,7,4,90,103,69,196,30,29,51,52,17,0,0,0,55,0,0,0,0,0,0,0,0,0,0,45,0,0,0,0,0,1,0,2,0,0,0,0,0,0,0,0,0,0,0,0,0,0,0,0,287,0,0,0,0,0,0,0,0,0,0,0,0,0,0,0
asv0100_Cyanobiaceae,0,0,0,0,0,0,0,0,0,0,0,0,0,0,0,0,0,0,0,0,0,259,0,99,0,0,27,0,0,203,0,0,196,281,291,222,0,0,0,0,0,0,0,0,0,0,0,0,0,0,0,0,224,274,0,0,0,0,0,0,0,0,0,0,0,0,0,0,0,0,173,224
asv0101_Vibrionaceae,0,0,0,0,0,0,0,0,0,23,0,0,41,45,57,81,57,32,42,110,55,0,263,211,60,36,48,57,0,0,94,122,0,0,0,0,0,9,0,0,0,0,0,9,0,0,0,15,0,1,0,0,0,0,0,0,0,0,0,113,0,0,0,0,0,0,0,0,0,0,0,0
asv0102_Cyanobiaceae,0,0,0,0,0,0,0,0,0,0,0,0,0,0,0,0,0,0,0,0,0,130,0,95,0,0,0,0,0,0,0,0,213,266,296,309,0,0,0,0,0,0,0,0,0,0,0,0,0,0,0,0,266,298,0,0,0,0,0,0,0,0,0,0,0,0,0,0,0,0,197,193
asv0103_Vibrionaceae,0,0,0,0,33,0,0,0,0,0,0,0,43,45,60,90,51,0,0,0,72,0,88,0,19,0,32,0,19,0,93,64,0,196,0,0,0,0,0,0,0,0,0,0,0,0,0,0,0,55,0,59,0,0,0,0,0,0,0,0,0,0,0,0,0,0,0,0,0,0,85,187
asv0104_Vibrionaceae,0,0,0,0,0,0,0,0,0,0,0,0,56,80,59,87,42,58,0,0,55,0,73,0,42,0,25,0,0,0,98,85,0,0,0,0,0,0,0,0,0,0,0,0,0,0,0,0,38,68,0,21,0,0,0,0,543,0,0,0,0,0,0,0,0,0,0,0,0,0,201,0
asv0105_Endozoicomonadaceae,0,9,10,0,13,13,10,1,77,114,70,214,17,78,43,60,0,0,0,0,0,0,0,0,0,0,0,0,0,0,0,0,0,0,0,0,0,0,0,0,0,0,0,13,0,0,0,4,0,0,0,0,0,0,0,0,0,0,0,0,0,0,0,0,0,0,0,0,0,0,0,0
asv0106_Endozoicomonadaceae,1,9,21,3,11,8,17,9,69,96,71,202,30,41,32,71,9,0,0,0,0,0,0,0,0,11,0,0,0,0,0,0,0,0,0,0,0,3,0,4,0,0,0,6,15,10,7,0,0,0,0,0,0,0,0,0,0,0,0,0,0,0,0,0,0,0,0,0,0,0,0,0
asv0107_Endozoicomonadaceae,16,10,14,11,34,36,35,20,41,78,56,97,52,24,28,20,0,0,0,7,0,0,0,0,0,17,0,0,0,0,0,0,0,0,0,0,0,11,0,13,0,0,0,9,0,13,0,0,0,0,0,0,0,0,0,0,0,0,0,0,0,0,0,0,0,0,0,0,0,0,0,0
asv0108_Vibrionaceae,0,0,0,0,0,0,0,0,0,0,0,0,38,46,42,29,41,0,60,0,31,0,76,0,0,0,17,24,63,0,89,83,0,0,0,102,0,0,0,0,0,0,0,0,0,0,0,0,0,53,0,52,0,0,0,0,0,0,0,0,0,0,0,0,0,0,0,0,0,213,92,0
asv0109_Cyanobiaceae,0,0,0,0,0,0,0,0,0,0,0,0,0,0,0,0,0,0,0,0,0,0,0,0,0,0,0,0,0,0,0,0,130,360,246,308,0,0,0,0,0,0,0,0,0,0,0,0,0,0,0,0,234,239,0,0,0,0,0,0,0,0,0,0,0,0,0,0,0,0,177,205
asv0110_Endozoicomonadaceae,22,9,16,26,32,47,23,8,37,66,44,85,51,10,31,10,5,0,0,7,0,0,0,0,0,6,0,0,0,0,0,0,0,0,0,0,0,8,0,13,0,0,0,11,0,16,0,0,0,0,0,0,0,0,0,0,0,0,0,0,0,0,0,0,0,0,0,0,0,0,0,0
asv0111_Endozoicomonadaceae,6,0,7,5,6,3,18,2,104,73,56,168,26,46,63,74,0,0,0,0,0,0,0,0,0,0,0,0,0,0,0,0,0,0,0,0,0,0,0,4,0,0,0,0,0,53,0,0,0,0,0,0,0,0,0,0,0,0,0,0,0,0,0,0,0,0,0,0,0,0,0,0
asv0112_Endozoicomonadaceae,7,0,11,0,12,6,9,3,44,114,75,194,30,41,63,50,34,22,0,0,0,0,0,0,0,0,0,0,0,0,0,0,0,0,0,0,0,0,0,0,0,13,0,0,0,0,0,0,0,0,0,0,0,0,0,0,0,0,0,0,0,0,0,0,0,0,0,0,73,0,0,0
asv0113_Cyanobiaceae,0,0,0,0,0,0,0,0,0,0,0,0,0,0,0,0,0,0,0,0,0,0,0,0,0,0,0,0,0,0,0,0,135,331,245,299,0,0,0,0,0,0,0,0,0,0,0,0,0,0,0,0,190,222,0,0,0,0,0,0,0,0,0,0,0,0,0,0,0,0,158,212
asv0114_Endozoicomonadaceae,5,8,4,15,8,8,11,5,90,78,62,203,17,36,64,55,0,0,0,0,0,0,0,0,0,17,0,0,0,0,0,0,0,0,0,0,0,5,0,1,0,0,0,0,0,0,7,0,0,0,0,0,0,0,0,0,0,0,0,0,0,0,0,0,0,0,0,0,0,0,0,0
asv0115_Endozoicomonadaceae,29,3,16,11,38,32,39,13,54,57,58,74,37,22,28,10,3,0,0,10,0,0,0,0,0,7,0,0,0,0,0,0,0,0,0,0,0,3,0,3,0,0,0,7,0,13,0,0,0,0,0,0,0,0,0,0,0,0,0,0,0,0,0,0,0,0,0,0,0,0,0,0
asv0116_Vibrionaceae,0,0,0,0,0,0,0,0,21,19,4,0,30,36,52,98,51,89,0,29,43,0,191,64,38,36,66,60,42,0,82,71,0,0,0,0,0,4,0,0,0,0,0,11,0,0,0,0,0,3,0,0,0,0,0,0,0,0,0,0,0,0,0,0,0,0,0,0,0,0,0,0
asv0117_Endozoicomonadaceae,5,0,12,17,5,9,7,7,79,104,57,164,22,39,55,54,0,0,0,0,0,0,0,0,0,0,0,23,0,0,0,0,0,0,0,0,0,9,0,9,0,0,0,0,0,0,0,0,0,0,0,0,0,0,0,0,0,0,0,0,0,0,0,0,0,0,0,0,0,0,0,0
asv0118_Endozoicomonadaceae,15,13,14,14,25,22,43,16,43,66,48,94,60,16,29,10,12,0,0,4,0,0,0,0,0,3,0,0,0,0,0,0,0,0,0,0,0,9,0,11,0,0,0,5,0,14,0,0,0,0,0,0,0,0,0,0,0,0,0,0,0,0,0,0,0,0,0,0,0,0,0,0
asv0119_Endozoicomonadaceae,19,12,7,15,33,29,34,18,40,67,42,134,30,25,29,11,12,0,0,11,0,0,0,0,0,5,0,0,0,0,0,0,0,0,0,0,0,4,0,9,0,0,0,5,0,19,0,0,0,0,0,0,0,0,0,0,0,0,0,0,0,0,0,0,0,0,0,0,0,0,0,0
asv0120_Endozoicomonadaceae,19,9,9,17,25,21,41,15,31,69,44,97,37,18,12,8,5,0,0,10,0,0,0,0,0,4,0,0,0,0,0,0,0,0,0,0,0,4,0,15,0,0,0,10,0,7,0,0,0,0,0,0,0,0,0,0,0,0,0,0,0,0,0,0,0,0,0,0,0,0,0,0
asv0121_Endozoicomonadaceae,5,11,6,5,4,12,16,4,60,115,51,174,31,41,45,63,0,0,0,0,0,0,0,0,0,0,0,0,0,0,0,0,0,0,0,0,0,0,0,0,0,0,0,9,0,0,44,0,0,0,0,0,0,0,0,0,0,0,0,0,0,0,0,0,0,0,0,0,0,0,0,0
asv0122_Endozoicomonadaceae,7,0,12,0,2,7,14,2,71,98,78,163,14,21,50,81,0,36,0,0,0,0,0,0,0,0,0,0,0,0,0,0,0,0,0,0,0,0,0,10,0,0,0,4,0,0,0,0,0,0,0,0,0,0,0,0,0,0,0,0,0,0,0,0,0,0,0,0,178,0,0,0
asv0123_Vibrionaceae,0,0,0,0,0,0,0,0,0,21,14,0,49,41,37,104,42,0,107,53,49,0,134,0,34,23,49,60,0,0,86,55,0,0,0,0,0,7,0,0,0,0,0,0,0,0,0,8,0,0,0,10,0,0,0,0,0,0,0,0,0,0,0,0,0,0,0,0,0,0,0,0
asv0124_Cyanobiaceae,0,0,0,0,0,0,0,0,0,0,0,0,0,0,0,0,0,0,0,0,0,0,0,0,0,0,0,0,0,0,0,0,193,348,240,230,0,0,0,0,0,0,0,0,0,0,0,0,0,0,0,0,237,241,0,0,0,0,0,0,0,0,0,0,0,0,0,0,0,0,138,142
asv0125_Cyanobiaceae,0,0,0,0,0,0,0,0,0,0,0,0,0,0,0,0,0,0,0,0,0,0,0,0,0,0,0,0,0,0,0,0,189,306,257,198,0,0,0,0,0,0,0,0,0,0,0,0,0,0,0,0,257,255,0,0,0,0,0,0,0,0,0,0,0,0,0,0,0,0,129,183
asv0126_Vibrionaceae,0,0,0,0,0,0,0,0,0,0,0,0,36,89,52,53,49,0,0,0,20,0,42,0,28,0,32,0,0,0,97,78,0,0,0,0,0,0,0,0,0,0,0,0,0,0,42,20,0,36,0,21,0,0,0,0,0,0,0,0,0,0,0,0,0,0,0,0,0,224,44,0
asv0127_Rhodobacteraceae,0,0,0,0,0,0,0,0,0,0,0,0,0,0,0,110,0,0,0,0,0,0,0,348,0,0,0,0,89,346,77,0,0,0,0,0,0,0,0,0,0,18,0,0,0,13,0,32,0,11,0,0,0,0,0,0,0,0,0,376,149,0,0,0,0,713,0,0,102,229,0,0
asv0128_Vibrionaceae,0,0,0,0,0,15,0,0,0,34,0,0,40,54,60,47,31,0,0,0,48,0,41,0,0,0,0,0,0,0,128,60,0,0,0,0,0,0,0,0,0,0,0,0,0,0,0,36,0,57,0,47,0,0,0,0,0,0,0,0,0,0,0,0,0,0,0,0,0,0,82,0
asv0129_Cyanobiaceae,0,0,0,0,0,0,0,0,0,0,0,0,0,0,0,0,0,0,0,0,0,337,0,452,0,0,0,0,8,238,60,0,0,178,154,51,0,0,0,0,0,0,0,0,0,0,0,0,0,0,0,0,0,0,0,0,0,0,0,0,0,0,0,0,220,432,0,0,266,165,73,70
asv0130_Endozoicomonadaceae,4,0,8,0,3,6,5,0,91,94,58,119,30,39,39,34,0,0,0,0,0,0,0,0,0,0,0,0,0,0,0,0,0,0,0,0,0,0,0,0,0,0,0,0,0,0,0,0,0,0,0,0,0,0,0,0,0,0,0,0,0,0,0,0,0,0,0,0,0,0,0,0
asv0131_Vibrionaceae,0,0,0,0,0,8,0,0,0,0,0,0,41,59,33,57,36,0,55,0,71,0,75,0,45,0,21,0,0,0,103,61,0,0,0,0,0,0,0,0,0,0,0,0,0,0,0,0,0,38,0,43,0,0,0,0,0,0,0,0,0,0,0,0,0,0,0,0,0,0,0,0
asv0132_Vibrionaceae,0,0,0,0,0,0,0,0,30,0,0,0,45,54,59,61,22,0,0,0,95,0,74,0,0,0,17,0,48,0,86,68,0,0,0,0,0,0,0,0,0,0,0,0,0,0,0,0,55,50,0,0,0,0,0,0,0,0,0,0,0,0,0,0,0,0,0,0,0,0,0,0
asv0133_Rhodobacteraceae,0,0,0,0,0,0,0,0,0,0,0,0,0,0,0,87,0,0,0,0,0,0,168,185,0,0,0,0,0,0,93,0,0,0,0,0,0,0,0,0,0,0,0,0,0,0,0,31,0,0,0,0,0,0,0,0,0,0,0,389,163,0,0,0,321,0,0,0,105,245,0,0
asv0134_Vibrionaceae,0,0,0,0,0,34,20,0,0,0,0,0,0,0,0,0,27,36,195,0,68,0,110,0,95,90,56,20,0,0,82,84,0,0,0,0,0,0,0,0,0,0,0,0,0,0,0,0,0,0,0,0,0,0,0,0,0,0,0,0,0,0,0,0,0,0,0,0,0,0,0,0
asv0135_Caminicellaceae,0,0,0,0,0,0,0,0,0,0,0,0,0,0,0,0,0,0,0,0,0,0,0,0,0,0,0,0,0,0,0,0,0,0,0,0,0,0,0,0,0,0,0,0,0,0,0,40,0,0,0,0,0,0,0,524,0,0,0,0,0,0,0,0,423,2146,0,0,0,0,0,0
asv0136_Rhodobacteraceae,0,0,0,0,0,0,0,10,0,0,0,0,0,0,0,0,0,0,0,0,0,343,90,181,0,0,0,0,0,0,0,81,0,0,0,0,0,0,0,0,0,0,0,0,0,0,87,32,0,10,0,0,0,0,0,0,0,0,0,444,142,0,0,0,120,0,132,0,85,0,0,0
asv0137_Endozoicomonadaceae,6,0,3,5,2,3,5,0,53,74,59,112,21,17,29,72,0,0,0,0,0,0,0,0,0,0,0,0,0,0,0,0,0,0,0,0,0,1,0,0,0,0,0,0,0,0,42,0,0,0,0,0,0,0,0,0,0,0,0,0,0,0,0,0,0,0,0,0,0,0,0,0
asv0138_Endozoicomonadaceae,22,3,14,21,9,19,22,9,21,49,16,62,25,8,16,2,20,0,0,0,0,0,0,0,0,44,0,0,0,0,0,0,0,0,0,0,0,0,0,1,0,0,0,6,18,3,15,0,0,14,0,0,0,0,0,0,0,0,0,0,0,0,0,0,0,0,0,0,0,0,0,0
asv0139_Vibrionaceae,0,0,0,0,0,0,0,0,0,15,0,4,25,34,42,66,33,0,0,28,28,0,182,0,23,34,39,25,15,0,82,54,0,0,0,0,0,3,0,0,0,0,0,0,0,0,0,0,0,0,0,13,0,0,0,0,0,0,0,0,0,0,0,0,0,0,0,0,0,0,12,0
asv0140_Endozoicomonadaceae,17,5,9,1,22,23,26,16,10,41,17,47,37,8,36,4,16,0,0,0,0,0,0,0,0,0,0,13,0,0,0,0,0,0,0,0,0,3,0,6,0,10,0,0,6,2,8,0,0,0,0,0,0,0,0,0,0,0,0,0,0,0,0,0,0,0,0,0,0,0,0,0
asv0141_SAR86 clade,0,0,0,0,0,0,0,0,0,0,0,0,0,0,0,0,0,0,0,0,0,0,0,0,0,0,0,0,0,0,0,0,268,90,94,197,0,0,0,0,0,0,0,0,0,0,0,0,0,0,0,0,188,148,0,0,0,0,0,0,0,0,0,0,0,0,0,0,0,0,110,127
asv0142_Endozoicomonadaceae,24,9,9,6,17,35,22,15,19,43,34,59,39,18,26,10,0,38,0,10,0,0,0,0,0,0,0,4,0,0,0,0,0,0,0,0,0,1,0,9,0,0,0,0,0,14,0,0,0,0,0,0,0,0,0,0,0,0,0,0,0,0,0,0,0,0,0,0,0,0,0,0
asv0143_Endozoicomonadaceae,14,9,12,10,39,26,20,12,18,52,42,52,31,11,7,9,6,0,0,0,0,0,0,0,0,4,0,0,0,0,0,0,0,0,0,0,0,1,0,9,0,0,0,1,7,0,1,0,0,0,0,0,0,0,0,0,0,0,0,0,0,0,0,0,0,0,0,0,0,0,0,0
asv0144_Vibrionaceae,0,0,0,0,0,0,0,0,0,0,0,0,40,45,48,56,14,0,0,0,0,0,60,0,0,0,0,20,0,0,91,32,0,0,0,0,0,0,0,0,0,0,0,0,0,0,76,14,0,38,0,14,0,0,0,0,0,0,0,0,0,0,0,0,0,0,0,0,0,0,0,0
asv0145_SAR86 clade,0,0,0,0,0,0,0,0,0,0,0,0,0,0,0,0,0,0,0,0,0,0,0,0,0,0,0,0,0,0,0,0,202,70,312,172,0,0,0,0,0,0,0,0,0,0,0,0,0,0,0,0,67,153,0,0,0,0,0,0,0,0,0,0,0,0,0,0,0,0,91,149
asv0146_Rhodobacteraceae,0,0,0,0,0,0,0,0,0,0,0,47,0,0,0,69,0,0,0,0,0,0,0,322,0,0,0,0,0,136,0,0,0,0,0,0,0,0,0,0,0,0,0,0,0,0,0,36,0,20,0,17,0,0,0,0,0,0,0,459,191,0,0,333,0,0,0,0,120,0,0,0
asv0147_Vibrionaceae,0,0,0,0,0,0,0,0,0,0,0,0,29,41,29,43,0,0,0,0,104,0,0,0,0,0,0,0,0,0,53,88,0,0,0,0,0,0,0,0,0,0,0,24,0,0,0,0,0,27,0,18,0,0,0,0,0,0,0,0,0,0,0,0,0,0,0,0,0,54,165,0
asv0148_Cyanobiaceae,0,0,0,0,0,0,0,2,0,0,0,0,0,0,0,0,0,0,0,0,0,460,0,301,0,0,0,0,0,418,0,0,0,0,64,59,0,0,0,0,0,0,0,0,0,0,0,0,0,0,0,0,0,122,0,0,0,0,0,0,0,0,0,0,0,0,0,0,0,217,111,72
asv0149_Rhodobacteraceae,0,0,0,0,0,0,0,0,0,0,26,19,0,0,0,0,0,0,0,0,0,0,206,214,0,0,45,0,0,0,0,0,0,0,0,0,0,0,0,0,0,0,0,0,0,0,0,25,0,17,0,0,0,0,0,0,0,0,0,334,129,0,0,0,79,0,0,0,128,0,0,0
asv0150_Endozoicomonadaceae,4,14,8,0,4,1,1,3,38,60,56,99,20,31,29,60,0,0,0,0,0,0,0,0,0,0,0,0,0,0,0,0,0,0,0,0,0,0,0,0,0,0,0,0,0,0,0,2,0,3,0,0,0,0,0,0,0,0,0,0,0,0,0,0,0,0,0,0,0,0,0,0
asv0151_Cyanobiaceae,0,0,0,0,0,0,0,0,0,0,0,0,0,0,0,0,0,0,0,0,0,0,0,0,0,0,0,4,0,0,0,0,77,178,159,144,0,0,0,0,0,0,0,0,0,0,0,0,0,0,0,13,153,115,0,0,0,0,0,0,0,0,0,0,0,0,0,0,0,0,79,125
asv0152_Vibrionaceae,0,0,0,0,0,0,0,41,0,0,0,0,0,0,0,0,36,145,0,155,60,0,57,0,49,0,39,0,10,0,89,67,0,0,0,0,0,0,0,0,0,0,0,0,0,0,0,0,0,0,0,0,0,0,0,0,0,0,0,0,0,0,0,0,0,0,0,0,0,0,0,0
asv0153_Endozoicomonadaceae,16,2,11,9,14,21,21,5,25,39,43,55,27,18,11,19,15,0,0,0,0,0,0,0,0,0,0,0,0,0,0,0,0,0,0,0,0,1,0,5,0,0,0,9,0,3,3,0,0,0,0,0,0,0,0,0,0,0,0,0,0,0,0,0,0,0,0,0,0,0,0,0
asv0154_Endozoicomonadaceae,0,11,8,0,2,2,6,2,43,54,41,105,25,26,24,47,0,0,0,0,0,0,0,0,0,0,0,0,0,0,0,0,0,0,0,0,0,0,0,0,0,0,0,0,0,0,0,0,0,0,0,0,0,0,0,0,0,0,0,0,0,0,0,0,0,0,0,0,0,0,0,0
asv0155_Vibrionaceae,0,0,0,0,0,0,0,11,0,0,0,0,0,0,0,0,32,69,0,48,75,0,70,0,85,39,58,0,0,0,66,109,0,0,0,0,0,0,0,10,0,0,0,0,0,0,0,0,0,0,0,0,0,0,0,0,0,0,0,0,0,0,0,0,0,0,0,0,0,0,0,0
asv0156_Endozoicomonadaceae,4,0,7,9,2,2,8,0,38,71,29,116,10,25,9,49,0,0,0,0,0,0,0,0,0,0,0,0,0,0,0,0,0,0,0,0,0,0,0,8,0,0,0,0,0,16,0,0,0,0,0,0,0,0,0,0,0,0,0,0,0,0,0,0,0,0,0,0,0,0,0,0
asv0158_Endozoicomonadaceae,0,3,3,2,2,1,3,1,31,62,37,91,20,32,25,29,0,0,0,0,0,0,0,0,0,4,0,0,0,0,0,0,0,0,0,0,0,4,0,1,0,0,0,0,0,0,16,0,0,0,0,0,0,0,0,0,0,0,0,0,0,0,0,0,0,0,0,0,0,0,0,0
asv0159_Flavobacteriaceae,0,0,0,0,0,0,0,0,0,0,0,0,0,0,0,0,0,0,0,0,0,0,0,0,0,0,0,0,0,0,0,0,274,0,0,100,0,0,0,0,0,0,0,0,0,0,0,0,0,0,0,0,304,0,0,0,0,0,0,0,0,0,0,0,0,0,0,0,0,0,121,264
asv0160_Pseudoalteromonadaceae,0,0,0,0,0,0,0,0,0,0,0,0,0,0,0,0,47,0,141,53,72,0,60,0,0,54,46,0,0,0,76,0,0,0,0,0,0,0,0,0,0,0,0,0,0,0,0,0,0,0,0,0,0,0,0,0,0,0,0,0,0,0,0,0,0,0,0,0,0,0,46,0
asv0162_Endozoicomonadaceae,8,0,4,0,3,5,2,5,40,50,31,85,7,24,11,70,13,24,0,0,0,0,0,0,0,0,0,0,0,0,0,0,0,0,0,0,0,0,0,0,0,0,0,0,0,0,0,0,0,0,0,0,0,0,0,0,0,0,0,0,0,0,0,0,0,0,0,0,20,0,0,0
asv0163_Endozoicomonadaceae,22,0,10,12,26,16,25,6,19,31,32,33,17,4,20,6,0,0,0,0,0,0,0,0,0,5,0,0,0,0,0,0,0,0,0,0,0,0,0,3,0,0,0,0,6,0,0,0,0,0,0,0,0,0,0,0,0,0,0,0,0,0,0,0,0,0,0,0,0,0,0,0
asv0164_Endozoicomonadaceae,22,2,12,8,17,23,20,2,21,36,18,27,24,6,10,8,16,0,0,0,17,0,0,0,0,0,0,0,0,0,0,0,0,0,0,0,0,9,0,5,0,0,0,0,0,0,0,0,0,0,0,0,0,0,0,0,0,0,0,0,0,0,0,0,0,0,0,0,0,0,0,0
asv0165_SAR86 clade,0,0,0,0,0,0,0,0,0,0,0,0,0,0,0,0,0,0,0,0,0,0,0,0,0,0,0,0,0,0,0,0,312,200,212,47,0,0,0,0,0,0,0,0,0,0,0,0,0,0,0,0,0,56,0,0,0,0,0,0,0,0,0,0,0,0,0,0,0,0,87,100
asv0166_SAR86 clade,0,0,0,0,0,0,0,0,0,0,0,0,0,0,0,0,0,0,0,0,0,0,0,0,0,0,0,0,0,0,0,0,195,131,98,106,0,0,0,0,0,0,0,0,0,0,0,0,0,0,0,0,0,142,0,0,0,0,0,0,0,0,0,0,0,0,0,0,0,0,88,177
asv0167_Vibrionaceae,0,0,0,0,0,0,0,0,0,0,0,0,27,71,29,0,0,0,0,0,33,0,66,0,36,0,29,0,0,0,90,47,0,0,0,0,0,0,0,0,0,0,0,0,0,0,0,0,0,43,0,0,0,0,0,0,0,0,0,0,0,0,0,0,0,0,0,0,0,24,0,0
asv0168_SAR86 clade,0,0,0,0,0,0,0,0,0,0,0,0,0,0,0,0,0,0,0,0,0,0,0,0,0,0,0,0,0,0,0,0,204,0,156,123,0,0,0,0,0,0,0,0,0,0,0,0,0,0,0,0,159,130,0,0,0,0,0,0,0,0,0,0,0,0,0,0,0,0,76,101
asv0170_Vibrionaceae,0,0,0,0,0,0,0,0,0,0,0,0,9,31,23,39,8,0,35,0,20,0,64,0,0,0,17,15,33,0,37,44,0,0,0,0,0,0,0,0,0,0,0,0,0,0,0,0,0,15,0,13,0,0,0,0,0,0,0,0,0,0,0,0,0,0,0,0,0,175,36,0
asv0171_Endozoicomonadaceae,7,5,5,0,24,28,11,8,13,24,36,38,28,7,21,36,0,0,0,0,0,0,0,0,0,0,0,0,0,0,0,0,0,0,0,0,0,0,0,0,0,0,0,4,0,0,0,2,0,0,0,0,0,0,0,0,0,0,0,0,0,0,0,0,0,0,0,0,0,0,0,0
asv0172_Cyanobiaceae,0,0,0,0,0,0,0,0,0,0,0,0,0,0,0,0,0,0,0,0,0,194,0,360,0,0,0,0,0,447,0,0,0,0,50,63,0,0,0,0,0,0,0,0,0,0,0,0,0,0,0,0,0,0,0,0,0,0,0,0,0,0,0,0,0,0,0,239,0,0,67,150
asv0173_Vibrionaceae,0,0,0,0,0,0,0,0,0,0,0,0,19,48,41,37,41,0,0,0,16,0,34,0,14,0,13,0,18,0,75,52,0,0,0,0,0,0,0,0,0,0,0,0,0,0,0,0,0,31,0,25,0,0,0,0,0,0,0,0,0,0,0,0,0,0,0,0,0,0,40,0
asv0174_Vibrionaceae,0,0,0,0,0,0,0,0,15,0,0,0,21,47,36,29,23,0,0,0,33,0,35,0,0,0,16,0,42,0,55,41,0,0,0,0,0,0,0,0,0,0,0,0,0,0,0,0,25,30,0,0,0,0,0,0,0,0,0,0,0,0,0,0,0,0,0,0,0,0,0,0
asv0175_Alteromonadaceae,0,0,0,0,0,0,0,0,0,0,0,0,0,0,0,0,45,0,0,0,0,0,0,0,0,0,0,0,0,0,61,0,0,0,0,0,0,0,0,0,0,0,0,0,0,0,0,0,0,0,0,0,0,0,0,0,0,0,0,0,0,0,166,0,0,0,0,0,0,0,403,118
asv0176_Vibrionaceae,0,0,0,0,0,0,0,0,0,0,0,0,20,42,29,50,23,0,0,0,57,0,61,0,9,0,11,0,0,0,54,20,0,0,0,0,0,0,0,0,0,0,0,0,0,0,12,14,0,29,0,12,0,0,0,0,0,0,0,0,0,0,0,0,0,0,0,0,0,90,29,0
asv0177_Cyanobiaceae,0,0,0,0,0,0,0,0,0,0,0,0,0,0,0,0,0,0,0,0,0,0,0,0,0,0,0,0,0,0,0,0,0,320,0,134,0,0,0,0,0,0,0,0,0,0,0,0,0,0,0,0,239,201,0,0,0,0,0,0,0,0,0,0,0,0,0,0,0,0,0,0
asv0178_Fusibacteraceae,0,0,0,0,0,0,0,0,0,0,0,0,0,0,0,0,0,0,0,0,0,0,0,0,0,0,0,0,0,0,0,0,0,0,0,0,0,0,0,0,0,0,0,0,0,0,0,0,0,0,0,0,0,0,0,0,648,0,0,62,0,0,0,1219,64,0,0,0,0,0,0,0
asv0179_Vibrionaceae,0,0,0,0,0,0,0,0,0,0,0,0,10,0,0,185,22,35,0,0,57,0,165,0,0,0,0,16,47,0,38,47,0,0,0,0,0,0,0,0,0,0,0,0,0,0,0,0,0,0,0,0,0,0,0,0,0,0,0,0,0,0,0,0,0,0,0,0,0,0,0,0
asv0180_Endozoicomonadaceae,7,0,4,5,5,2,7,5,19,39,40,37,32,11,11,15,7,0,0,0,0,0,0,0,0,0,0,0,0,0,0,0,0,0,0,0,0,4,0,2,0,0,0,0,0,0,0,0,0,0,0,0,0,0,0,0,0,0,0,0,0,0,0,0,0,0,0,0,0,0,0,0
asv0181_Vibrionaceae,0,0,0,0,0,0,0,0,0,0,0,0,0,0,0,0,58,0,81,0,64,0,84,0,0,42,19,43,50,0,86,87,0,0,0,0,0,0,0,0,0,0,0,0,0,0,0,0,0,0,0,0,0,0,0,0,0,0,0,0,0,0,0,0,0,0,0,0,0,0,0,0
asv0182_Vibrionaceae,0,0,0,0,0,0,0,0,0,19,0,0,15,43,27,50,4,0,0,0,37,0,53,0,0,0,0,0,0,0,41,45,0,0,0,0,0,0,0,0,0,0,0,0,0,0,0,14,0,30,0,8,0,0,0,0,0,0,0,0,0,0,0,0,0,0,0,0,0,0,59,0
asv0183_Cyanobiaceae,0,0,0,0,0,0,0,0,0,0,0,5,0,0,0,0,0,0,0,0,0,502,0,305,0,0,0,0,0,250,0,0,0,0,94,28,0,0,0,0,0,0,0,0,0,0,0,0,0,0,0,0,0,110,0,0,0,0,0,0,0,0,0,0,0,0,0,0,0,161,71,47
asv0184_Vibrionaceae,0,0,0,0,0,0,0,0,0,0,0,0,22,26,51,35,24,0,0,0,0,0,0,0,0,0,0,0,20,0,68,45,0,0,0,0,0,0,0,0,0,0,0,34,0,0,0,0,8,28,0,0,0,0,0,0,0,0,0,0,0,0,0,0,0,0,0,0,0,0,0,0
asv0185_Caminicellaceae,0,0,0,0,0,0,0,0,0,0,0,0,0,0,0,0,0,0,0,0,0,0,0,0,0,33,0,0,0,0,0,0,0,0,0,0,0,0,0,0,0,0,0,0,0,0,0,15,0,44,0,0,0,0,0,1691,0,0,0,0,0,0,0,0,0,324,0,0,0,0,0,0
asv0186_Vibrionaceae,0,0,0,0,0,0,0,0,0,0,0,0,0,0,0,0,63,0,78,0,68,0,34,0,39,0,25,85,0,0,84,49,0,0,0,0,0,0,0,0,0,0,0,0,0,0,0,0,0,18,0,0,0,0,0,0,0,0,0,0,0,0,0,0,0,0,0,0,0,0,0,0
asv0187_Rhodobacteraceae,0,0,0,0,0,0,0,0,0,0,0,0,0,0,0,0,0,0,0,0,0,0,0,0,0,0,0,0,0,0,0,0,242,90,159,72,0,0,0,0,0,0,0,0,0,0,0,0,0,0,0,0,148,62,0,0,0,0,0,0,0,0,0,0,0,0,0,0,0,0,100,0
asv0188_SAR86 clade,0,0,0,0,0,0,0,0,0,0,0,0,0,0,0,0,0,0,0,0,0,0,0,0,0,0,0,0,0,0,0,0,167,57,0,114,0,0,0,0,0,0,0,0,0,0,0,0,0,0,0,0,126,165,0,0,0,0,0,0,0,0,0,0,0,0,0,0,0,0,67,87
asv0189_Vibrionaceae,0,0,0,0,0,0,0,0,0,0,0,0,4,0,40,0,21,0,0,0,67,0,54,0,0,0,0,0,0,253,49,96,0,0,0,0,0,0,14,0,0,0,0,29,0,0,0,0,0,11,0,30,0,0,0,0,0,0,0,0,0,0,0,0,0,0,0,0,0,0,0,0
asv0190_SAR86 clade,0,0,0,0,0,0,0,0,0,0,0,0,0,0,0,0,0,0,0,0,0,0,0,0,0,0,0,0,0,0,0,0,151,72,114,135,0,0,0,0,0,0,0,0,0,0,0,0,0,0,0,0,0,108,0,0,0,0,0,0,0,0,0,0,0,0,0,0,0,0,91,104
asv0191_Endozoicomonadaceae,7,6,12,19,10,10,20,2,18,26,36,57,13,16,9,2,0,0,0,3,0,0,0,0,0,0,0,0,0,0,0,0,0,0,0,0,0,0,0,6,0,0,0,0,0,4,0,0,0,0,0,0,0,0,0,0,0,0,0,0,0,0,0,0,0,0,0,0,0,0,0,0
asv0192_Vibrionaceae,0,0,0,0,0,0,0,15,0,0,0,0,0,0,0,0,32,31,0,56,62,0,0,0,37,28,24,31,0,0,78,103,0,0,0,0,0,0,0,0,0,0,0,0,0,0,0,0,0,0,0,0,0,0,0,0,0,0,0,0,0,0,0,0,0,0,0,0,0,0,0,0
asv0193_Rhodobacteraceae,0,0,0,0,0,0,0,0,0,0,0,0,0,0,0,0,0,0,0,0,0,0,0,0,0,0,0,0,0,0,0,0,369,0,179,61,0,0,0,0,0,0,0,0,0,0,0,0,0,0,0,0,173,0,0,0,0,0,0,0,0,0,0,0,0,0,0,0,0,0,0,180
asv0194_Endozoicomonadaceae,8,4,13,16,14,8,20,4,12,23,20,14,25,7,6,12,0,0,0,0,0,0,0,0,0,13,0,0,0,0,0,0,0,0,0,0,0,3,0,1,0,0,0,0,0,0,7,0,0,0,0,0,0,0,0,0,0,0,0,0,0,0,0,0,0,0,0,0,0,0,0,0
asv0195_SAR86 clade,0,0,0,0,0,0,0,0,0,0,0,0,0,0,0,0,0,0,0,0,0,0,0,0,0,0,0,0,0,0,0,0,189,0,112,108,0,0,0,0,0,0,0,0,0,0,0,0,0,0,0,0,102,125,0,0,0,0,0,0,0,0,0,0,0,0,0,0,0,0,38,118
asv0196_Cyanobiaceae,0,0,0,0,0,0,0,0,0,0,0,0,0,0,0,0,0,0,0,0,0,0,0,0,0,0,0,0,0,0,0,0,0,0,0,0,0,0,0,0,0,0,0,0,0,0,0,0,0,0,0,0,0,0,0,0,0,0,0,0,0,0,0,0,520,0,107,0,109,105,0,60
asv0197_Endozoicomonadaceae,13,2,8,5,14,20,33,4,17,36,20,36,22,15,6,0,0,0,0,0,0,0,0,0,0,0,0,0,0,0,0,0,0,0,0,0,0,0,0,1,0,0,0,0,0,4,0,0,0,0,0,0,0,0,0,0,0,0,0,0,0,0,0,0,0,0,0,0,0,0,0,0
asv0198_Flavobacteriaceae,0,0,0,0,0,0,0,0,0,0,0,0,0,0,0,0,0,0,0,0,0,0,0,0,0,0,0,0,0,0,0,0,132,133,0,121,0,0,0,0,0,0,0,0,0,0,0,0,0,0,0,0,187,0,0,0,0,0,0,0,0,0,0,0,0,0,0,0,0,0,54,150
asv0199_Endozoicomonadaceae,5,3,9,8,9,10,12,6,31,45,22,38,28,7,13,12,0,0,0,0,0,0,0,0,0,5,0,0,0,0,0,0,0,0,0,0,0,0,0,2,0,0,0,0,0,0,0,3,0,0,0,0,0,0,0,0,0,0,0,0,0,0,0,0,0,0,0,0,0,0,0,0
asv0200_SAR86 clade,0,0,0,0,0,0,0,0,0,0,0,0,0,0,0,0,0,0,0,0,0,0,0,0,0,0,0,0,0,0,0,0,203,84,0,130,0,0,0,0,0,0,0,0,0,0,0,0,0,0,0,0,63,109,0,0,0,0,0,0,0,0,0,0,0,0,0,0,0,0,60,67
asv0201_Clade I,0,0,0,0,0,0,0,0,0,0,0,0,0,0,0,0,0,0,0,0,0,0,0,0,0,0,0,0,0,0,0,0,0,0,0,60,0,0,0,0,0,0,0,0,0,0,0,0,0,0,0,0,264,0,0,0,0,0,0,0,0,0,0,0,0,0,0,0,0,0,176,195
asv0202_Pseudoalteromonadaceae,0,0,0,0,0,0,0,0,0,0,0,0,0,0,0,0,24,23,36,40,48,213,77,0,0,0,0,26,0,0,49,0,0,0,0,0,0,0,0,0,0,0,0,0,0,0,0,0,0,0,0,0,0,0,0,0,0,0,0,0,0,0,0,0,0,0,0,0,0,0,192,0
asv0205_Rhodobacteraceae,0,0,0,0,0,0,0,0,0,46,0,0,0,0,0,0,0,0,0,0,0,0,0,214,0,0,0,0,0,0,0,0,0,0,0,0,0,0,0,0,0,0,0,18,0,0,11,26,0,17,0,0,0,0,0,0,0,0,0,218,93,0,0,0,0,0,0,147,0,41,0,0
asv0206_Cyanobiaceae,0,0,0,0,0,0,0,0,0,0,0,0,0,0,0,0,0,0,0,0,0,0,0,291,0,0,0,0,0,314,0,0,0,0,44,42,0,0,0,0,0,0,0,0,0,0,0,0,0,0,0,0,0,132,0,0,147,0,0,0,0,0,0,0,0,0,0,140,0,0,46,52
asv0208_Halieaceae,0,0,0,0,0,0,0,0,0,0,0,0,0,0,0,0,0,0,0,0,0,0,0,0,0,0,0,0,0,0,0,0,125,0,0,0,0,0,0,0,0,0,0,0,0,0,0,0,0,0,0,0,0,56,0,0,0,0,0,0,0,0,0,0,0,0,0,0,0,0,251,257
asv0210_Cyanobiaceae,0,0,0,0,0,0,0,0,0,25,0,0,0,0,0,0,0,0,0,0,0,147,0,325,0,0,0,0,0,0,0,0,0,0,0,84,0,0,0,0,0,0,0,0,0,0,0,0,0,0,0,0,0,0,0,0,0,0,0,0,0,351,0,0,0,0,0,0,0,114,106,71
asv0212_Cyanobiaceae,0,0,0,0,0,0,0,0,0,0,0,0,0,0,0,0,0,0,0,0,0,0,0,614,0,0,0,0,0,0,0,0,136,0,0,85,0,0,0,0,0,0,0,0,0,0,0,0,0,0,0,0,129,97,0,0,0,0,0,0,0,0,0,0,0,0,0,0,0,0,0,140
asv0213_NA,0,0,0,0,0,0,0,0,0,0,0,0,0,0,0,0,0,0,0,0,0,0,0,0,0,0,0,0,0,0,0,146,0,0,0,0,0,0,0,0,0,0,0,0,0,0,0,0,0,0,0,82,0,0,0,0,0,465,0,0,0,0,0,310,0,149,0,0,0,0,0,0
asv0214_Fusibacteraceae,0,0,0,0,0,0,0,0,0,0,0,0,0,0,0,0,0,0,0,0,0,0,0,0,0,0,0,0,0,0,0,0,0,0,0,0,0,0,0,0,0,0,0,0,0,0,0,0,0,0,0,0,0,0,0,0,0,0,0,0,0,390,0,929,0,189,0,0,100,0,0,0
asv0215_Vibrionaceae,0,0,0,0,0,0,0,0,0,0,0,0,26,36,18,43,0,0,0,0,0,0,63,0,0,0,0,0,0,0,79,66,0,0,0,0,0,0,0,0,0,0,0,0,0,0,0,0,0,25,0,0,0,0,0,0,0,0,0,0,0,0,0,0,0,0,0,0,0,0,0,0
asv0216_Rhodobacteraceae,0,0,0,0,0,0,0,0,0,0,0,0,0,0,0,0,0,0,0,0,0,0,0,239,0,0,0,0,0,0,0,0,0,0,0,0,0,0,19,0,0,0,0,0,0,0,0,17,0,12,0,36,0,0,0,0,0,0,0,423,114,0,0,0,0,0,0,0,94,0,0,0
asv0217_Cyanobiaceae,0,0,0,0,0,0,0,0,0,0,0,0,0,0,0,0,0,0,0,0,0,0,0,587,0,0,37,0,0,0,0,0,0,0,69,71,0,0,0,0,0,0,0,0,0,0,0,0,0,0,0,0,0,40,0,0,0,0,0,0,0,0,0,0,0,0,0,0,0,0,150,0
asv0219_Cyanobiaceae,0,0,0,0,0,0,0,0,0,0,0,0,0,0,0,0,0,0,0,0,0,0,0,0,0,0,0,0,0,0,0,0,0,0,142,116,0,0,0,0,0,0,0,0,0,0,0,0,0,0,0,0,0,0,0,0,0,0,0,0,0,0,0,0,224,0,0,0,0,0,63,145
asv0221_SAR116 clade,0,0,0,0,0,0,0,0,0,0,0,0,0,0,0,0,0,0,0,0,0,0,0,0,0,0,0,0,0,0,0,0,0,0,245,45,0,0,0,0,0,0,0,0,0,0,0,0,0,0,0,0,0,141,0,0,0,0,0,0,0,0,0,0,0,0,0,0,0,0,193,0
asv0222_Vibrionaceae,0,0,0,0,0,0,0,0,0,0,0,0,9,0,0,0,0,0,0,0,0,0,0,0,0,0,0,0,63,0,66,99,0,0,0,0,0,0,0,26,0,0,0,0,0,0,0,17,0,36,0,0,0,0,0,0,0,0,0,0,0,0,0,0,0,0,0,0,0,0,0,0
asv0223_Rhodobacteraceae,0,0,0,0,0,0,0,0,0,0,0,0,0,0,0,0,0,0,0,0,0,0,0,0,0,0,0,0,0,0,0,0,242,93,0,0,0,0,0,0,0,0,0,0,0,0,0,0,0,0,0,0,0,102,0,0,0,0,0,0,0,0,0,0,0,0,0,0,0,0,133,166
asv0224_NA,0,0,0,0,0,0,0,0,0,0,0,0,0,0,0,0,0,0,0,0,0,0,0,0,0,0,0,0,0,0,0,0,142,103,224,0,0,0,0,0,0,0,0,0,0,0,0,0,0,0,0,0,105,179,0,0,0,0,0,0,0,0,0,0,0,0,0,0,0,0,0,0
asv0225_Vibrionaceae,0,0,0,0,0,0,0,14,0,0,0,0,0,0,0,0,35,36,0,0,57,0,55,0,23,21,0,0,61,0,75,37,0,0,0,0,0,0,0,0,0,0,0,0,0,0,0,0,0,0,0,0,0,0,0,0,0,0,0,0,0,0,0,0,0,0,0,0,0,0,0,0
asv0228_Rhodobacteraceae,0,0,0,0,0,0,0,0,0,0,0,0,0,0,0,0,0,0,0,0,0,0,0,0,0,0,0,0,0,0,0,0,265,0,58,64,0,0,0,0,0,0,0,0,0,0,0,0,0,0,0,0,253,0,0,0,0,0,0,0,0,0,0,0,0,0,0,0,0,0,90,39
asv0229_SAR86 clade,0,0,0,0,0,0,0,0,0,0,0,0,0,0,0,0,0,0,0,0,0,0,0,0,0,0,0,0,0,0,0,0,111,55,0,127,0,0,0,0,0,0,0,0,0,0,0,0,0,0,0,0,0,97,0,0,0,0,0,0,0,0,0,0,0,0,0,0,0,0,125,69
asv0230_SAR86 clade,0,0,0,0,0,0,0,0,0,0,0,0,0,0,0,0,0,0,0,0,0,0,0,0,0,0,0,0,0,0,0,0,138,53,138,69,0,0,0,0,0,0,0,0,0,0,0,0,0,0,0,0,66,79,0,0,0,0,0,0,0,0,0,0,0,0,0,0,0,0,51,67
asv0231_SAR86 clade,0,0,0,0,0,0,0,0,0,0,0,0,0,0,0,0,0,0,0,0,0,0,0,0,0,0,0,0,0,0,0,0,178,50,0,132,0,0,0,0,0,0,0,0,0,0,0,0,0,0,0,0,0,98,0,0,0,0,0,0,0,0,0,0,0,0,0,0,0,0,58,87
asv0233_Rhodobacteraceae,0,0,0,0,0,0,0,0,0,0,0,0,0,0,0,0,0,0,0,0,0,0,0,0,0,0,0,0,0,0,0,0,0,0,0,0,0,0,0,0,0,0,26,0,0,0,0,20,93,0,0,0,0,0,0,0,0,0,0,254,89,279,0,0,0,0,0,0,0,39,0,0
asv0234_Flavobacteriaceae,0,0,0,0,0,0,0,0,0,0,0,0,0,0,0,0,0,0,0,0,0,0,0,0,0,0,0,0,0,0,0,0,239,119,0,78,0,0,0,0,0,0,0,0,0,0,0,0,0,0,0,0,0,100,0,0,0,0,0,0,0,0,0,0,0,0,0,0,0,0,61,58
asv0235_Pseudoalteromonadaceae,0,0,0,0,0,0,0,0,0,0,0,0,0,0,0,0,38,145,0,119,65,0,124,0,0,0,0,0,0,0,0,0,0,0,0,0,0,0,0,0,0,0,0,0,0,0,0,0,0,0,0,0,0,0,0,0,0,0,0,0,0,0,0,0,0,0,0,0,0,0,0,0
asv0236_Spirochaetaceae,0,65,0,0,0,0,0,0,0,0,0,0,0,0,0,0,0,0,0,0,0,0,0,0,0,0,0,0,0,0,0,0,0,0,0,0,0,0,0,0,0,0,0,0,0,0,0,0,0,0,0,0,0,0,0,0,0,297,0,517,0,0,0,0,0,0,0,86,0,0,0,0
asv0237_SAR86 clade,0,0,0,0,0,0,0,0,0,0,0,0,0,0,0,0,0,0,0,0,0,0,0,0,0,0,0,0,0,0,0,0,201,52,0,104,0,0,0,0,0,0,0,0,0,0,0,0,0,0,0,0,0,104,0,0,0,0,0,0,0,0,0,0,0,0,0,0,0,0,116,67
asv0238_Endozoicomonadaceae,0,0,0,1,1,7,4,0,28,26,26,51,9,18,3,39,8,0,0,0,0,0,0,0,0,0,0,0,0,0,0,0,0,0,0,0,0,0,0,3,0,0,0,0,18,0,0,0,0,0,0,0,0,0,0,0,0,0,0,0,0,0,0,0,0,0,0,0,0,0,0,0
asv0239_SAR86 clade,0,0,0,0,0,0,0,0,0,0,0,0,0,0,0,0,0,0,0,0,0,0,0,0,0,0,0,0,0,0,0,0,154,106,73,88,0,0,0,0,0,0,0,0,0,0,0,0,0,0,0,0,0,72,0,0,0,0,0,0,0,0,0,0,0,0,0,0,0,0,88,65
asv0240_Cyanobiaceae,0,0,0,0,0,0,0,0,0,0,0,0,0,0,0,0,0,0,0,0,0,0,0,0,0,0,0,0,0,0,0,0,0,287,0,63,0,0,0,0,0,0,0,0,0,0,0,0,0,0,0,0,246,91,0,0,0,0,0,0,0,0,0,0,0,0,0,0,0,0,0,0
asv0241_Rhodobacteraceae,0,0,0,0,0,0,0,0,0,0,0,0,0,0,0,0,0,0,0,0,0,0,0,0,0,0,0,0,0,0,0,0,97,0,190,76,0,0,0,0,0,0,0,0,0,0,0,0,0,0,0,0,0,96,0,0,0,0,0,0,0,0,0,0,0,0,0,0,0,0,0,154
asv0242_Vibrionaceae,0,0,0,0,0,0,0,0,0,0,0,0,0,0,0,95,0,0,0,0,41,0,55,0,0,0,0,0,0,0,66,44,0,0,0,0,0,0,0,0,3,0,0,0,0,0,0,0,0,0,51,43,0,0,0,0,0,0,0,0,0,0,0,0,0,0,0,0,0,74,0,0
asv0243_SAR86 clade,0,0,0,0,0,0,0,0,0,0,0,0,0,0,0,0,0,0,0,0,0,0,0,0,0,0,0,0,0,0,0,0,0,0,169,63,0,0,0,0,0,0,0,0,0,0,0,0,0,0,0,0,0,34,0,0,0,0,0,0,0,0,0,0,0,0,0,0,0,0,78,189
asv0244_Endozoicomonadaceae,24,1,7,5,14,11,16,1,9,25,8,15,18,2,7,0,0,0,0,0,0,0,0,0,0,0,0,0,0,27,0,0,0,0,0,0,0,6,0,1,0,1,0,6,0,0,0,0,0,0,0,0,0,0,0,0,0,0,0,0,0,0,0,0,0,0,0,0,0,0,0,0
asv0245_Vibrionaceae,0,0,0,0,0,0,0,10,0,0,0,0,0,0,0,0,13,69,0,101,16,0,40,0,38,0,15,0,3,0,67,23,0,0,0,0,0,0,0,0,0,0,0,0,0,0,0,0,0,0,0,0,0,0,0,0,0,0,0,0,0,0,0,0,0,0,0,0,0,0,0,0
asv0246_NA,0,0,0,0,0,0,0,0,0,0,0,0,0,0,0,0,0,0,0,0,0,0,0,0,0,0,0,0,0,0,0,0,132,0,0,153,0,0,0,0,0,0,0,0,0,0,0,0,0,0,0,0,120,204,0,0,0,0,0,0,0,0,0,0,0,0,0,0,0,0,0,0
asv0247_Caminicellaceae,0,0,0,0,0,0,0,0,0,0,0,0,0,0,0,0,0,0,0,0,0,0,0,0,0,0,7,0,0,0,15,0,0,0,0,0,0,0,0,0,0,0,0,0,0,0,0,7,0,0,0,0,0,0,0,1324,0,0,0,0,0,0,0,0,0,427,0,0,0,0,0,0
asv0248_Halieaceae,0,0,0,0,0,0,0,0,0,0,0,0,0,0,0,0,0,0,0,0,0,0,0,0,0,0,0,0,0,0,0,0,0,0,247,33,0,0,0,0,0,0,0,0,0,0,0,0,0,0,0,0,217,0,0,0,0,0,0,0,0,0,0,0,0,0,0,0,0,0,171,0
asv0250_Endozoicomonadaceae,2,0,15,3,0,1,7,0,21,27,21,62,10,30,13,30,0,0,0,0,0,0,0,0,0,0,0,0,0,0,0,0,0,0,0,0,0,0,0,0,0,0,0,0,0,12,0,0,0,0,0,0,0,0,0,0,0,0,0,0,0,0,0,0,0,0,0,0,0,0,0,0
asv0252_Rhodobacteraceae,0,0,0,0,0,0,0,0,0,0,0,0,0,0,0,0,0,0,0,0,0,0,0,0,0,0,0,0,0,0,0,0,188,0,81,126,0,0,0,0,0,0,0,0,0,0,0,0,0,0,0,0,0,0,0,0,0,0,0,0,0,0,0,0,0,0,0,0,0,0,174,0
asv0253_Rhodobacteraceae,0,0,0,0,0,0,0,0,0,0,0,0,0,0,0,0,0,0,0,0,0,0,114,687,0,0,0,0,0,0,0,0,0,0,0,0,0,0,0,0,0,0,0,0,0,0,71,13,0,0,0,0,0,0,0,0,0,0,0,0,0,0,0,0,0,0,0,0,113,0,0,0
asv0254_SAR86 clade,0,0,0,0,0,0,0,0,0,0,0,0,0,0,0,0,0,0,0,0,0,0,0,0,0,0,0,0,0,0,0,0,241,176,0,41,0,0,0,0,0,0,0,0,0,0,0,0,0,0,0,0,0,57,0,0,0,0,0,0,0,0,0,0,0,0,0,0,0,0,86,49
asv0255_Rhodobacteraceae,0,0,0,0,0,0,0,0,0,0,0,0,0,0,0,0,0,0,0,0,0,0,0,0,0,0,0,0,0,0,0,0,191,0,0,38,0,0,0,0,0,0,0,0,0,0,0,0,0,0,0,0,239,0,0,0,0,0,0,0,0,0,0,0,0,0,0,0,0,0,164,0
asv0256_SAR86 clade,0,0,0,0,0,0,0,0,0,0,0,0,0,0,0,0,0,0,0,0,0,0,0,0,0,0,0,0,0,0,0,0,235,119,0,34,0,0,0,0,0,0,0,0,0,0,0,0,0,0,0,0,0,81,0,0,0,0,0,0,0,0,0,0,0,0,0,0,0,0,66,69
asv0257_Cyanobiaceae,0,0,0,0,0,0,0,0,0,0,0,0,0,0,0,0,0,0,0,0,0,0,0,306,0,0,0,0,0,0,0,0,0,167,96,44,0,0,0,0,0,0,0,0,0,0,0,0,0,0,0,0,0,0,0,0,0,0,0,0,0,0,0,0,133,0,0,0,0,0,47,57
asv0258_Endozoicomonadaceae,5,4,14,6,11,20,11,5,13,18,6,7,18,4,2,0,0,0,0,0,0,0,0,0,0,0,0,0,0,5,0,0,0,0,0,0,0,2,0,3,0,5,0,4,0,0,0,0,0,0,0,0,0,0,0,0,0,0,0,0,0,0,0,0,0,0,0,0,0,0,0,0
asv0259_Rhodobacteraceae,0,0,0,0,0,0,0,0,0,0,0,0,0,0,0,0,0,0,0,0,0,0,0,225,0,0,0,0,0,341,0,0,0,0,0,0,0,0,0,0,0,0,0,0,0,0,0,13,0,17,0,0,0,0,0,0,0,0,0,278,151,0,0,0,0,0,0,0,0,0,0,0
asv0260_Stappiaceae,0,0,0,0,0,0,0,0,0,0,0,0,0,0,0,0,0,0,0,0,0,0,0,0,0,0,0,0,0,0,0,0,0,0,139,44,0,0,0,0,0,0,0,0,0,0,0,0,0,0,0,0,0,0,0,0,0,0,0,0,0,0,0,0,0,0,0,0,0,0,182,122
asv0261_Spirochaetaceae,0,0,0,0,0,0,0,0,0,0,0,17,0,0,0,0,0,64,0,0,0,0,0,0,0,0,0,0,0,0,0,0,0,0,0,0,0,0,0,0,0,0,0,0,0,0,0,11,0,0,0,0,0,0,0,625,0,720,0,0,0,0,0,0,0,0,0,0,0,0,0,0
asv0262_NA,0,0,0,0,0,0,0,0,0,0,0,0,0,0,0,0,0,0,0,0,0,488,0,0,0,0,0,0,0,0,0,0,0,0,0,0,0,0,0,0,0,0,0,0,0,0,0,0,0,0,0,24,0,0,0,0,0,0,0,0,0,0,0,0,293,312,0,96,0,0,0,0
asv0263_Endozoicomonadaceae,6,1,9,7,20,6,12,4,2,16,18,4,15,1,2,0,0,0,0,0,0,0,0,0,0,0,0,0,0,21,0,0,0,0,0,0,0,2,0,2,0,4,0,1,0,0,0,0,0,0,0,0,0,0,0,0,0,0,0,0,0,0,0,0,0,0,0,0,0,0,0,0
asv0264_Cyanobiaceae,0,0,0,0,0,0,0,0,0,0,0,0,0,0,0,0,0,0,0,0,0,205,0,229,0,0,0,0,0,201,0,0,0,0,20,50,0,0,0,0,0,0,0,0,0,0,0,0,0,0,0,0,0,0,0,0,0,0,0,0,0,0,0,0,0,0,0,148,0,0,50,78
asv0265_Cyanobiaceae,0,0,0,0,0,0,0,0,0,0,0,0,0,0,0,0,0,0,0,0,0,0,0,759,0,0,0,0,0,0,0,0,0,0,190,28,0,0,0,0,0,0,0,0,0,0,0,0,0,0,0,0,0,0,0,0,0,0,0,0,0,0,0,0,0,0,0,0,0,0,54,61
asv0269_Unknown Family,0,0,0,0,0,0,0,0,0,0,0,0,0,0,0,0,0,0,0,0,0,579,0,0,0,0,0,0,0,304,0,0,0,0,0,0,0,33,0,0,0,0,0,0,0,0,0,0,0,0,0,0,0,0,0,0,0,497,0,0,0,0,0,0,0,0,0,0,0,0,0,0
asv0270_Cyanobiaceae,0,0,0,0,0,0,0,0,0,0,0,0,0,0,0,0,0,0,0,0,0,0,0,450,0,0,0,0,0,189,0,0,0,0,47,26,0,0,0,0,0,0,0,0,0,0,0,0,0,0,0,0,0,69,0,0,0,0,0,0,0,0,0,0,0,0,0,86,0,0,45,44
asv0271_Endozoicomonadaceae,10,5,2,9,8,10,15,5,5,9,17,1,17,1,9,0,0,0,0,0,0,0,0,0,0,0,0,0,0,31,0,0,0,0,0,0,0,2,0,3,0,8,0,0,0,0,0,0,0,0,0,0,0,0,0,0,0,0,0,0,0,0,0,0,0,0,0,0,0,0,0,0
asv0274_Cyanobiaceae,0,0,0,0,0,0,0,0,0,0,0,0,0,0,0,0,0,0,0,0,0,0,0,320,0,0,0,0,0,0,0,0,0,0,68,46,0,0,0,3,0,0,0,0,0,0,0,0,0,0,0,0,0,0,0,0,0,0,0,0,0,0,0,255,0,0,0,0,0,0,33,135
asv0276_Flavobacteriaceae,0,0,0,0,0,0,0,0,0,0,0,0,0,0,0,0,0,0,0,0,0,0,0,0,0,0,0,0,0,0,0,0,178,68,0,80,0,0,0,0,0,0,0,0,0,0,0,0,0,0,0,0,131,0,0,0,0,0,0,0,0,0,0,0,0,0,0,0,0,0,30,76
asv0277_Alteromonadaceae,0,0,0,0,0,0,0,0,0,0,0,0,0,0,0,0,0,0,0,0,0,0,0,0,0,0,0,0,0,0,0,0,110,0,0,0,0,0,0,0,0,0,0,0,0,0,0,0,0,0,0,0,54,0,0,300,0,0,0,0,0,0,0,0,0,0,0,0,0,0,264,0
asv0279_Flavobacteriaceae,0,0,0,0,0,0,0,0,0,0,0,0,0,0,0,0,0,0,0,0,0,0,0,0,0,0,0,0,0,0,0,0,0,0,163,63,0,0,0,0,0,0,0,0,0,0,0,0,0,0,0,0,0,0,0,0,0,0,0,0,0,0,0,0,0,0,0,0,0,0,133,117
asv0280_SAR86 clade,0,0,0,0,0,0,0,0,0,0,0,0,0,0,0,0,0,0,0,0,0,0,0,0,0,0,0,0,0,0,0,0,184,157,95,27,0,0,0,0,0,0,0,0,0,0,0,0,0,0,0,0,0,38,0,0,0,0,0,0,0,0,0,0,0,0,0,0,0,0,31,50
asv0282_NA,0,0,0,0,0,0,0,0,0,0,0,0,0,0,0,0,0,0,0,0,0,0,0,0,0,0,0,0,0,0,0,0,0,0,64,114,0,0,0,0,0,0,0,0,0,0,0,0,0,0,0,0,304,57,0,0,0,0,0,0,0,0,0,0,0,0,0,0,0,0,0,0
asv0284_Unknown Family,0,0,0,0,0,0,0,0,0,0,0,0,0,0,0,0,0,0,0,0,0,446,0,0,0,0,0,0,0,0,0,0,0,0,0,0,0,16,0,0,0,0,0,0,0,0,0,0,0,0,0,0,0,0,0,0,0,0,0,518,0,0,0,0,0,0,0,0,0,84,0,0
asv0286_Flavobacteriaceae,0,0,0,0,0,0,0,0,0,0,0,0,0,0,0,0,0,0,0,0,0,0,0,0,0,0,0,0,0,0,0,0,261,0,137,36,0,0,0,0,0,0,0,0,0,0,0,0,0,0,0,0,0,54,0,0,0,0,0,0,0,0,0,0,0,0,0,0,0,0,0,97
asv0288_Vibrionaceae,0,0,0,0,0,0,0,0,0,0,0,0,9,34,23,49,0,0,0,0,0,0,33,0,0,0,0,0,0,0,53,26,0,0,0,0,0,0,0,0,0,0,0,0,0,0,0,0,5,27,0,0,0,0,0,0,0,0,0,0,0,0,0,0,0,0,0,0,0,0,0,0
asv0289_Rhodobacteraceae,0,0,0,0,0,0,0,0,0,0,0,0,0,0,0,0,0,0,0,0,0,0,0,0,0,0,0,0,0,0,0,0,90,0,166,78,0,0,0,0,0,0,0,0,0,0,0,0,0,0,0,0,0,73,0,0,0,0,0,0,0,0,0,0,0,0,0,0,0,0,61,0
asv0291_Actinomarinaceae,0,0,0,0,0,0,0,0,0,0,0,0,0,0,0,0,0,0,0,0,0,0,0,0,0,0,0,0,0,0,0,0,0,192,0,37,0,0,0,0,0,0,0,0,0,0,0,0,0,0,0,0,0,109,0,0,0,0,0,0,0,0,0,0,0,0,0,0,0,0,20,56
asv0295_Vibrionaceae,0,0,0,0,0,0,0,0,0,0,16,0,0,67,57,0,0,0,0,0,0,0,23,0,0,0,0,0,0,0,43,0,0,0,0,0,0,0,0,0,0,0,0,0,0,0,0,0,0,14,0,9,0,0,0,0,0,0,0,0,0,0,0,0,0,0,0,0,0,0,0,0
asv0296_SAR86 clade,0,0,0,0,0,0,0,0,0,0,0,0,0,0,0,0,0,0,0,0,0,0,0,0,0,0,0,0,0,0,0,0,222,0,0,56,0,0,0,0,0,0,0,0,0,0,0,0,0,0,0,0,56,70,0,0,0,0,0,0,0,0,0,0,0,0,0,0,0,0,100,0
asv0298_Amoebophilaceae,0,0,0,0,0,0,0,0,0,0,0,14,0,46,0,0,0,130,0,131,0,0,0,0,0,0,0,0,2,0,0,0,0,0,0,0,0,0,0,9,0,0,0,0,0,0,0,0,0,0,0,0,0,0,0,0,0,0,0,0,0,0,0,0,0,0,0,0,0,0,0,0
asv0299_Endozoicomonadaceae,17,1,10,10,9,7,12,1,11,20,9,10,15,2,4,0,0,0,0,0,0,0,0,0,0,0,0,0,0,19,0,0,0,0,0,0,0,0,0,3,0,4,0,4,0,0,0,0,0,0,0,0,0,0,0,0,0,0,0,0,0,0,0,0,0,0,0,0,0,0,0,0
asv0300_Cyanobiaceae,0,0,0,0,0,0,0,0,0,0,0,0,0,0,0,0,0,0,0,0,0,0,0,0,0,0,39,0,0,0,0,0,0,0,0,25,0,0,0,0,0,0,0,0,0,0,0,0,0,0,0,0,0,0,0,0,0,0,0,0,0,0,0,0,0,0,0,0,0,222,29,42
asv0301_Rhodobacteraceae,0,0,0,0,0,0,0,0,0,0,0,0,0,0,0,0,0,0,0,0,0,0,0,0,0,0,0,0,0,0,0,0,319,0,0,79,0,0,0,0,0,0,0,0,0,0,0,0,0,0,0,0,140,74,0,0,0,0,0,0,0,0,0,0,0,0,0,0,0,0,0,0
asv0303_Pseudoalteromonadaceae,0,0,0,0,0,0,0,0,0,0,0,0,0,0,0,0,38,0,0,35,59,0,56,0,0,0,0,0,0,0,0,0,0,0,0,0,0,0,0,0,0,0,0,0,0,0,0,0,0,0,0,0,0,0,0,0,0,0,0,0,0,0,0,0,0,0,0,0,0,0,181,0
asv0306_Kiloniellaceae,0,0,0,0,0,0,0,0,0,0,0,0,0,0,0,0,0,128,0,0,0,0,0,0,0,0,0,0,0,0,0,76,0,0,0,0,0,0,0,0,0,0,0,0,0,0,0,29,0,0,0,0,0,0,0,0,0,0,0,256,0,0,0,0,0,0,0,0,0,0,0,0
asv0307_SAR86 clade,0,0,0,0,0,0,0,0,0,0,0,0,0,0,0,0,0,0,0,0,0,0,0,0,0,0,0,0,0,0,0,0,0,0,17,31,0,0,0,0,0,0,0,0,0,0,0,0,0,0,0,0,0,93,0,0,0,0,0,0,0,0,0,0,0,0,0,0,0,0,128,121
asv0308_Rhodobacteraceae,0,0,0,0,0,0,0,0,0,0,0,0,0,0,0,0,0,0,0,0,0,0,0,0,0,0,0,0,0,0,0,0,0,0,0,40,0,0,0,0,0,0,0,0,0,0,0,0,0,0,0,0,136,44,0,0,0,0,0,0,0,0,0,0,0,0,0,0,0,0,242,0
asv0309_AEGEAN-169 marine group,0,0,0,0,0,0,0,0,0,0,0,0,0,0,0,0,0,0,0,0,0,0,0,0,0,0,0,0,0,0,0,0,0,0,190,38,0,0,0,0,0,0,0,0,0,0,0,0,0,0,0,0,0,0,0,0,0,0,0,0,0,0,0,0,0,0,0,0,0,0,63,131
asv0311_Flavobacteriaceae,0,0,0,0,0,0,0,0,0,0,0,0,0,0,0,0,0,0,0,0,0,0,0,0,0,0,0,0,0,0,0,0,0,0,181,59,0,0,0,0,0,0,0,0,0,0,0,0,0,0,0,0,219,0,0,0,0,0,0,0,0,0,0,0,0,0,0,0,0,0,0,65
asv0312_Vibrionaceae,0,0,0,0,0,0,0,0,0,0,0,0,1,0,18,0,22,0,0,0,0,0,31,0,0,0,0,0,0,0,28,56,0,0,0,0,0,0,0,0,0,0,0,13,0,0,44,0,0,5,0,18,0,0,0,0,0,0,0,0,0,0,0,0,0,0,0,0,0,0,0,0
asv0313_Rhodobacteraceae,0,0,0,0,0,0,0,0,0,0,0,0,0,0,0,0,0,0,0,0,0,0,0,0,0,0,0,0,0,0,0,0,247,0,75,36,0,0,0,0,0,0,0,0,0,0,0,0,0,0,0,0,97,0,0,0,0,0,0,0,0,0,0,0,0,0,0,0,0,0,0,101
asv0314_AEGEAN-169 marine group,0,0,0,0,0,0,0,0,0,0,0,0,0,0,0,0,0,0,0,0,0,0,0,0,0,0,0,0,0,0,0,0,192,0,114,33,0,0,0,0,0,0,0,0,0,0,0,0,0,0,0,0,0,0,0,0,0,0,0,0,0,0,0,0,0,0,0,0,0,0,73,76
asv0315_Cyclobacteriaceae,0,75,0,0,0,4,0,0,0,0,0,0,0,0,0,0,0,103,0,0,0,0,0,0,0,0,0,0,0,0,0,0,0,0,0,0,0,0,0,0,0,20,0,0,0,0,0,0,0,0,0,0,0,0,0,0,0,0,0,0,0,0,0,0,0,0,0,0,0,0,0,0
asv0316_Flavobacteriaceae,0,0,0,0,0,0,0,0,0,0,0,0,0,0,0,0,0,0,0,0,0,0,0,0,0,0,0,0,0,0,0,0,0,53,0,44,0,0,0,0,0,0,0,0,0,0,0,0,0,0,0,0,152,83,0,0,0,0,0,0,0,0,0,0,0,0,0,0,0,0,75,63
asv0317_Rhodobacteraceae,0,0,0,0,0,0,0,0,0,0,0,0,0,0,0,0,0,0,0,0,0,0,0,0,0,0,0,0,0,0,0,0,0,0,0,40,0,0,0,0,0,0,0,0,0,0,0,0,0,0,0,0,200,140,0,0,0,0,0,0,0,0,0,0,0,0,0,0,0,0,56,0
asv0318_Vibrionaceae,0,16,0,0,0,0,0,0,0,0,0,0,35,0,0,0,0,0,0,0,0,0,0,0,0,0,0,0,0,0,0,0,0,0,0,0,0,0,0,0,0,0,0,0,0,0,0,0,53,0,0,40,0,0,0,0,0,0,0,0,0,0,0,0,0,0,0,0,0,0,0,0
asv0320_AEGEAN-169 marine group,0,0,0,0,0,0,0,0,0,0,0,0,0,0,0,0,0,0,0,0,0,0,0,0,0,0,0,0,0,0,0,0,0,117,0,107,0,0,0,0,0,0,0,0,0,0,0,0,0,0,0,0,0,0,0,0,0,0,0,0,0,0,0,0,0,0,0,0,0,0,75,66
asv0322_Cyanobiaceae,0,0,0,0,0,0,0,0,0,0,0,0,0,0,0,0,0,0,0,0,0,0,0,281,0,0,0,0,0,0,0,0,0,0,53,38,0,0,0,0,0,0,0,0,0,0,0,0,0,0,0,0,0,0,0,0,0,0,0,0,0,0,0,220,0,0,0,0,0,0,42,78
asv0323_SAR86 clade,0,0,0,0,0,0,0,0,0,0,0,0,0,0,0,0,0,0,0,0,0,0,0,0,0,0,0,0,0,0,0,0,110,32,123,68,0,0,0,0,0,0,0,0,0,0,0,0,0,0,0,0,0,73,0,0,0,0,0,0,0,0,0,0,0,0,0,0,0,0,31,30
asv0325_Amoebophilaceae,0,0,0,0,0,0,0,0,0,23,0,44,0,0,0,0,0,64,0,177,0,0,0,0,0,0,0,0,0,0,0,0,0,0,0,0,0,0,0,0,0,0,0,0,0,0,0,0,0,0,0,0,0,0,0,0,0,0,47,0,0,0,0,0,0,0,0,0,0,0,0,0
asv0326_AEGEAN-169 marine group,0,0,0,0,0,0,0,0,0,0,0,0,0,0,0,0,0,0,0,0,0,0,0,0,0,0,0,0,0,0,0,0,0,0,0,45,0,0,0,0,0,0,0,0,0,0,0,0,0,0,0,0,95,64,0,0,0,0,0,0,0,0,0,0,0,0,0,0,0,0,79,120
asv0327_Pseudoalteromonadaceae,0,0,0,0,0,0,0,0,0,0,0,0,0,0,0,0,49,0,0,52,51,0,62,0,0,0,0,0,0,0,0,0,0,0,0,0,0,0,0,0,0,0,0,0,0,0,0,0,0,0,0,0,0,0,0,0,0,0,0,0,0,0,0,0,0,0,0,0,0,0,50,117
asv0332_Vibrionaceae,0,0,0,0,0,0,0,0,0,0,0,0,0,0,0,0,23,0,17,0,38,0,25,0,0,21,20,11,28,0,48,25,0,0,0,0,0,0,0,0,0,0,0,0,0,0,0,0,0,0,0,0,0,0,0,0,0,0,0,0,0,0,0,0,0,0,0,0,0,0,0,0
asv0334_Cyanobiaceae,0,0,0,0,0,0,0,0,6,0,0,0,0,0,0,0,0,0,0,0,0,0,0,229,0,0,0,0,0,0,0,0,0,117,57,33,0,0,0,0,0,0,0,0,0,0,0,0,0,0,0,0,0,0,0,0,0,0,0,0,0,0,0,0,73,0,0,0,0,0,48,35
asv0335_Unknown Family,0,0,0,0,0,0,0,0,0,0,0,0,0,0,0,0,0,73,0,0,0,354,0,0,0,0,0,0,0,0,0,0,0,0,0,0,0,22,0,0,0,0,0,0,0,0,0,0,0,0,0,0,0,0,0,0,0,414,0,0,0,0,0,0,0,0,0,0,0,0,0,0
asv0337_Amoebophilaceae,0,0,0,0,0,0,0,0,0,0,0,0,0,0,0,0,0,51,0,121,0,0,0,0,0,0,0,0,0,0,0,0,0,0,0,0,0,0,0,15,0,0,0,20,0,0,0,19,0,0,0,0,0,0,0,0,0,0,0,0,0,0,0,0,0,0,0,0,0,0,0,0
asv0338_Caminicellaceae,0,0,0,0,0,0,0,0,0,0,0,0,0,0,0,0,0,0,0,0,0,0,0,0,0,0,0,0,0,0,0,0,0,0,0,0,0,0,0,0,0,43,0,0,0,0,0,13,0,0,0,0,0,0,0,866,0,0,0,0,0,0,0,0,0,54,0,0,0,0,0,0
asv0340_SAR86 clade,0,0,0,0,0,0,0,0,0,0,0,0,0,0,0,0,0,0,0,0,0,0,0,0,0,0,0,0,0,0,0,0,147,57,0,52,0,0,0,0,0,0,0,0,0,0,0,0,0,0,0,0,16,86,0,0,0,0,0,0,0,0,0,0,0,0,0,0,0,0,44,29
asv0341_Amoebophilaceae,0,0,0,0,0,0,0,0,0,0,0,0,0,0,0,0,0,83,0,145,0,0,0,0,0,52,0,0,0,0,0,0,0,0,0,0,0,0,0,3,0,0,0,12,0,0,0,0,0,0,0,3,0,0,0,0,0,0,0,0,0,0,0,0,0,0,0,0,0,0,0,0
asv0344_Rhodobacteraceae,0,0,0,0,0,0,0,0,0,0,0,0,0,0,0,0,0,0,0,0,0,0,0,0,0,0,0,0,0,0,0,0,88,64,67,23,0,0,0,0,0,0,0,0,0,0,0,0,0,0,0,0,114,20,0,0,0,0,0,0,0,0,0,0,0,0,0,0,0,0,56,0
asv0349_Pseudoalteromonadaceae,0,0,0,0,0,0,0,0,0,0,0,0,0,0,0,0,64,91,0,23,36,0,80,0,0,0,0,0,0,0,0,0,0,0,0,0,0,0,0,0,0,0,0,0,0,0,0,0,0,0,0,0,0,0,0,0,0,98,0,0,0,0,0,0,0,0,0,0,0,0,0,0
asv0355_SAR86 clade,0,0,0,0,0,0,0,0,0,0,0,0,0,0,0,0,0,0,0,0,0,0,0,0,0,0,0,0,0,0,0,0,129,13,40,76,0,0,0,0,0,0,0,0,0,0,0,0,0,0,0,0,0,64,0,0,0,0,0,0,0,0,0,0,0,0,0,0,0,0,29,42
asv0356_Endozoicomonadaceae,8,0,5,2,6,8,13,10,0,11,11,17,12,0,0,0,0,0,0,0,0,0,0,0,0,0,0,0,0,49,0,0,0,0,0,0,0,0,0,3,0,0,0,0,0,0,0,0,0,0,0,0,0,0,0,0,0,0,0,0,0,0,0,0,0,0,0,0,0,0,0,0
asv0360_Cyanobiaceae,0,0,0,0,0,0,0,0,0,0,0,0,0,0,0,0,0,0,0,0,0,0,0,246,0,0,0,0,0,0,0,0,141,0,0,26,0,0,0,0,0,0,0,0,0,0,0,0,0,0,0,0,0,0,0,0,0,0,0,0,0,0,376,0,0,0,0,0,0,0,0,0
asv0361_Rhodobacteraceae,0,0,0,0,0,0,0,0,0,0,0,0,0,0,0,0,0,0,0,0,0,0,0,0,0,0,0,0,0,0,0,0,0,0,124,149,0,0,0,0,0,0,0,0,0,0,0,0,0,0,0,0,0,40,0,0,0,0,0,0,0,0,0,0,0,0,0,0,0,0,45,0
asv0366_Flavobacteriaceae,0,0,0,0,0,0,0,0,0,0,0,0,0,0,0,0,0,0,0,0,0,0,0,0,0,0,0,0,0,0,0,0,0,37,0,19,0,0,0,0,0,0,0,0,0,0,0,0,0,0,0,0,0,40,0,0,0,0,0,0,0,0,0,0,0,0,0,0,0,0,66,154
asv0367_SAR86 clade,0,0,0,0,0,0,0,0,0,0,0,0,0,0,0,0,0,0,0,0,0,0,0,0,0,0,0,0,0,0,0,0,0,0,0,45,0,0,0,0,0,0,0,0,0,0,0,0,0,0,0,0,104,45,0,0,0,0,0,0,0,0,0,0,0,0,0,0,0,0,110,80
asv0368_Cyclobacteriaceae,0,12,0,0,0,0,0,44,0,0,0,0,0,0,0,0,0,0,0,0,0,0,0,0,0,0,0,3,0,0,0,0,0,0,0,0,0,0,0,0,0,0,0,0,0,0,0,0,0,0,0,0,0,0,0,0,0,401,0,0,0,0,0,0,0,0,0,0,0,0,0,0
asv0369_Pseudoalteromonadaceae,0,0,0,0,0,0,0,0,0,0,0,0,0,0,0,0,29,22,0,20,58,0,102,0,0,0,0,0,0,0,0,82,0,0,0,0,0,0,0,0,0,0,0,0,0,0,0,0,0,0,0,0,0,0,0,0,0,0,0,0,0,0,0,0,0,0,0,0,0,0,0,0
asv0374_Rhodobacteraceae,0,0,0,0,0,0,0,0,0,0,0,0,0,0,0,0,0,0,0,0,0,0,0,0,0,0,9,0,0,0,0,0,0,0,119,145,0,0,0,0,0,0,0,0,0,0,0,0,0,0,0,0,0,0,0,0,0,0,0,0,0,0,0,0,0,0,0,0,0,0,46,0
asv0375_Vibrionaceae,0,0,0,0,0,0,0,0,0,0,0,0,0,0,0,0,34,0,0,0,58,0,68,0,0,0,21,0,0,0,30,65,0,0,0,0,0,0,0,0,0,0,0,0,0,0,0,0,0,0,0,0,0,0,0,0,0,0,0,0,0,0,0,0,0,0,0,0,0,0,0,0
asv0376_Rhodobacteraceae,0,0,0,0,0,0,0,0,0,0,0,0,0,0,0,0,0,0,0,0,0,0,0,0,0,0,0,0,0,0,0,0,45,0,0,50,0,0,0,0,0,0,0,0,0,0,0,0,0,0,0,0,189,0,0,0,0,0,0,0,0,0,0,0,0,0,0,0,0,0,0,106
asv0377_Vibrionaceae,0,0,0,0,0,15,0,9,0,0,0,0,10,0,79,0,0,0,0,0,0,0,0,0,0,0,0,0,0,0,35,30,0,0,0,0,0,0,0,0,0,0,0,0,0,0,0,0,0,13,0,0,0,0,0,0,0,0,0,0,0,0,0,0,0,0,0,0,0,0,0,0
asv0380_Cyanobiaceae,0,0,0,0,0,0,0,0,0,0,0,0,0,0,0,0,0,0,0,0,0,0,0,561,0,0,0,0,0,0,0,0,0,0,134,17,0,0,0,0,0,0,0,0,0,0,0,0,0,0,0,0,0,0,0,0,0,0,0,0,0,0,0,0,0,0,0,0,0,0,42,42
asv0382_Rhodobacteraceae,0,0,0,0,0,0,0,0,0,0,0,0,0,0,0,0,0,0,0,0,0,0,0,0,0,0,0,0,0,0,0,0,0,0,75,99,0,0,0,0,0,0,0,0,0,0,0,0,0,0,0,0,0,61,0,0,0,0,0,0,0,0,0,0,0,0,0,0,0,0,48,23
asv0383_SAR86 clade,0,0,0,0,0,0,0,0,0,0,0,0,0,0,0,0,0,0,0,0,0,0,0,0,0,0,0,0,0,0,0,0,0,0,0,67,0,0,0,0,0,0,0,0,0,0,0,0,0,0,0,0,0,115,0,0,0,0,0,0,0,0,0,0,0,0,0,0,0,0,74,78
asv0384_SAR86 clade,0,0,0,0,0,0,0,0,0,0,0,0,0,0,0,0,0,0,0,0,0,0,0,0,0,0,0,0,0,0,0,0,0,0,126,47,0,0,0,0,0,0,0,0,0,0,0,0,0,0,0,0,0,32,0,0,0,0,0,0,0,0,0,0,0,0,0,0,0,0,41,113
asv0386_Pseudoalteromonadaceae,0,0,0,0,0,0,0,0,0,0,0,0,0,0,0,0,54,0,36,0,51,0,64,0,38,0,0,0,0,0,0,0,0,0,0,0,0,0,0,0,0,0,0,0,0,0,0,0,0,0,0,0,0,0,0,0,0,0,0,0,0,0,0,0,0,0,0,0,0,0,70,0
asv0393_NA,0,0,0,0,0,0,0,0,0,0,0,0,0,0,0,0,0,0,0,0,0,0,0,0,0,0,0,0,0,0,0,0,88,0,0,77,0,0,0,0,0,0,0,0,0,0,0,0,0,0,0,0,58,144,0,0,0,0,0,0,0,0,0,0,0,0,0,0,0,0,0,0
asv0395_NA,0,0,0,0,0,0,0,0,0,0,0,0,0,0,0,0,0,0,0,0,0,0,0,0,0,0,0,0,0,0,0,0,121,115,63,0,0,0,0,0,0,0,0,0,0,0,0,0,0,0,0,0,30,99,0,0,0,0,0,0,0,0,0,0,0,0,0,0,0,0,0,0
asv0399_NS9 marine group,0,0,0,0,0,0,0,0,0,0,0,0,0,0,0,0,0,0,0,0,0,0,0,0,0,0,0,0,0,0,0,0,0,0,0,6,0,0,0,0,0,0,0,0,0,0,0,0,0,0,0,0,0,14,0,0,0,0,0,0,0,0,0,0,0,0,0,0,0,0,138,165
asv0405_Cyanobiaceae,0,0,0,0,0,0,0,0,0,0,0,0,0,0,0,0,0,0,0,0,0,0,0,287,0,0,0,0,0,215,0,0,0,0,51,37,0,0,0,0,0,0,0,0,0,0,0,0,0,0,0,0,0,0,0,0,0,0,0,0,0,0,0,0,0,0,0,0,0,0,0,91
asv0408_Vibrionaceae,0,0,0,0,0,0,21,0,0,0,0,0,0,0,0,0,0,0,0,0,0,0,0,0,0,0,0,0,0,0,32,43,0,0,0,0,0,0,0,0,0,0,18,0,0,0,0,0,0,33,0,0,0,0,0,0,0,0,0,0,0,0,0,0,0,0,0,0,0,0,0,0
asv0410_AEGEAN-169 marine group,0,0,0,0,0,0,0,0,0,0,0,0,0,0,0,0,0,0,0,0,0,0,0,0,0,0,0,0,0,0,0,0,0,0,0,82,0,0,0,0,0,0,0,0,0,0,0,0,0,0,0,0,0,37,0,0,0,0,0,0,0,0,0,0,0,0,0,0,0,0,110,44
asv0417_Amoebophilaceae,0,0,0,0,0,0,0,26,0,0,0,21,0,0,0,0,0,19,0,0,0,0,0,0,0,0,0,0,0,0,0,0,0,0,6,0,7,0,0,24,0,0,0,0,0,0,0,0,0,0,0,0,0,0,0,0,0,0,0,0,31,0,0,0,0,0,0,0,0,0,0,0
asv0424_Rhodobacteraceae,0,0,0,0,0,14,0,0,0,0,0,0,0,0,0,0,0,0,0,0,0,0,0,87,0,0,0,0,0,0,0,0,0,0,0,0,0,0,0,0,0,0,0,0,0,0,0,11,0,8,0,27,0,0,0,0,0,0,0,154,44,0,0,0,0,0,0,0,35,0,0,0
asv0427_Vibrionaceae,0,0,0,0,0,0,0,0,0,0,0,0,19,0,25,0,0,0,0,0,0,0,0,0,0,0,0,0,0,0,53,0,0,0,0,0,0,21,0,0,0,0,0,0,0,0,0,0,0,0,0,0,0,0,0,0,0,0,0,0,0,0,0,0,0,0,0,0,0,0,0,0
asv0439_Rhodobacteraceae,0,0,0,0,0,0,0,0,0,0,0,0,0,0,0,0,0,0,0,0,0,0,0,0,0,0,0,0,0,0,0,0,0,0,0,52,0,0,0,0,0,0,0,0,0,0,0,0,0,0,0,0,61,85,0,0,0,0,0,0,0,0,0,0,0,0,0,0,0,0,0,87
asv0450_Flavobacteriaceae,0,0,0,0,0,0,0,0,0,0,0,0,0,0,0,0,0,0,0,0,0,0,0,0,0,0,0,0,0,0,0,0,76,0,35,50,0,0,0,0,0,0,0,0,0,0,0,0,0,0,0,0,0,0,0,0,0,0,0,0,0,0,0,0,0,0,0,0,0,0,30,113
asv0453_Amoebophilaceae,0,0,0,0,0,0,0,0,0,0,0,0,0,0,0,0,0,78,40,166,0,0,0,0,0,0,0,0,0,0,0,0,0,0,0,0,0,0,0,13,0,0,0,0,0,0,0,0,0,0,0,0,0,0,0,0,0,0,0,0,0,0,0,0,0,0,0,0,0,0,0,0
asv0454_Flavobacteriaceae,0,0,0,0,0,0,0,0,0,0,0,0,0,0,0,0,0,0,0,0,0,0,0,0,0,0,0,0,0,0,0,0,202,0,92,22,0,0,0,0,0,0,0,0,0,0,0,0,0,0,0,0,0,20,0,0,0,0,0,0,0,0,0,0,0,0,0,0,0,0,0,40
asv0455_Unknown Family,0,11,0,0,0,0,0,7,0,0,0,0,0,0,0,0,0,0,0,0,0,529,0,0,0,0,0,0,0,0,0,0,0,0,0,0,0,0,0,0,0,0,0,0,0,0,0,0,0,0,0,0,0,0,0,440,0,0,0,0,0,0,0,0,0,0,0,0,0,0,0,0
asv0457_Vibrionaceae,0,0,0,0,0,0,0,0,23,0,0,0,0,0,0,0,0,0,0,0,0,0,0,0,0,0,0,0,0,0,0,29,0,0,0,0,0,0,0,0,0,0,0,0,0,0,0,0,69,17,0,0,0,0,0,0,0,0,0,0,0,0,0,0,0,0,0,0,0,0,0,0
asv0458_Flavobacteriaceae,0,0,0,0,0,0,0,0,0,0,0,0,0,0,0,0,0,0,0,0,0,0,0,0,0,0,0,0,0,0,0,0,0,0,0,21,0,0,0,0,0,0,0,0,0,0,0,0,0,0,0,0,0,77,0,0,0,0,0,0,0,0,0,0,0,0,0,0,0,0,116,38
asv0460_Amoebophilaceae,0,0,0,0,0,0,0,0,14,0,0,0,0,0,0,0,0,0,0,0,0,754,16,204,0,0,0,0,0,0,0,0,0,0,0,0,0,0,0,0,0,0,0,0,0,0,0,0,0,0,0,0,0,0,0,0,0,0,0,0,0,0,0,0,0,0,0,0,0,0,0,0
asv0461_Cyanobiaceae,0,0,0,0,0,0,0,0,0,0,0,0,0,0,0,0,0,0,0,0,0,0,0,187,0,0,0,0,0,0,0,0,0,0,25,38,0,0,0,0,0,0,0,0,0,0,0,0,0,0,0,0,84,0,0,0,0,0,0,0,0,0,0,0,0,0,0,0,0,0,40,45
asv0462_Actinomarinaceae,0,0,0,0,0,0,0,0,0,0,0,0,0,0,0,0,0,0,0,0,0,0,0,0,0,0,0,0,0,0,0,0,0,0,74,33,0,0,0,0,0,0,0,0,0,0,0,0,0,0,0,0,0,0,0,0,0,0,0,0,0,0,0,0,0,0,0,0,0,0,112,46
asv0465_Cyanobiaceae,0,0,0,0,0,0,0,0,0,0,0,0,0,0,0,0,0,0,0,0,0,0,0,165,0,0,0,0,0,0,0,0,0,0,0,54,0,0,0,0,0,0,0,0,0,0,0,0,0,0,0,0,0,0,0,0,0,0,0,0,0,0,0,0,0,0,0,0,0,0,55,98
asv0484_Rhodobacteraceae,0,0,0,0,0,0,4,0,0,0,0,0,0,0,0,0,0,0,0,0,0,0,0,260,0,0,0,0,0,0,0,0,0,0,0,0,0,0,0,0,0,0,0,0,0,0,0,0,0,0,0,0,0,0,0,0,0,0,0,321,0,0,0,0,0,0,0,0,71,0,0,0
asv0485_NA,0,0,0,0,0,0,0,0,6,26,0,0,0,0,0,0,0,0,0,0,0,0,0,0,0,0,0,62,0,0,0,0,0,0,0,0,0,0,0,0,0,0,0,0,0,0,0,0,0,0,0,24,0,0,0,0,0,0,0,0,0,0,0,0,0,0,0,0,0,0,0,0
asv0489_Actinomarinaceae,0,0,0,0,0,0,0,0,0,0,0,0,0,0,0,0,0,0,0,0,0,0,0,0,0,0,0,0,0,0,0,0,201,0,0,36,0,0,0,0,0,0,0,0,0,0,0,0,0,0,0,0,0,0,0,0,0,0,0,0,0,0,0,0,0,0,0,0,0,0,16,76
asv0500_NA,0,0,3,0,0,0,0,0,0,0,0,0,0,0,87,0,0,34,0,0,0,0,0,0,0,0,0,0,0,0,0,0,0,0,0,0,0,0,0,0,0,0,0,9,0,0,0,0,0,0,0,0,0,0,0,0,0,0,0,0,0,0,0,0,0,0,0,0,0,0,0,0
asv0508_Flavobacteriaceae,0,0,0,0,0,0,0,0,0,0,0,0,0,0,0,0,0,0,0,0,0,0,0,0,0,0,0,0,0,0,0,0,0,0,0,14,0,0,0,0,0,0,0,0,0,0,0,0,0,0,0,0,0,61,0,0,0,0,0,0,0,0,0,0,0,0,0,0,0,0,57,122
asv0517_Cyclobacteriaceae,0,0,0,0,0,0,0,0,0,0,0,0,0,0,0,0,0,0,0,0,0,0,0,0,0,0,0,0,0,0,0,0,0,0,0,0,0,0,0,0,0,0,0,0,0,0,0,0,0,18,0,0,0,0,0,455,0,208,0,26,0,0,0,0,0,0,0,0,0,0,0,0
asv0521_Amoebophilaceae,0,0,0,0,0,0,0,0,0,0,0,0,11,0,0,0,0,47,0,77,0,0,0,0,0,0,0,0,0,0,0,0,0,0,0,0,0,0,0,7,0,0,0,0,0,0,0,0,0,3,0,0,0,0,0,0,0,0,0,0,0,0,0,0,0,0,0,0,0,0,0,0
asv0522_Vibrionaceae,0,0,0,0,0,0,0,0,0,0,0,0,0,50,19,0,0,0,0,0,0,0,4,0,0,0,0,0,0,0,32,0,0,0,0,0,0,0,0,0,0,0,0,0,0,0,0,0,0,10,0,12,0,0,0,0,0,0,0,0,0,0,0,0,0,0,0,0,0,0,0,0
asv0535_Vibrionaceae,0,0,0,0,0,0,0,0,0,0,0,0,0,0,0,0,12,0,0,0,19,0,66,0,17,0,0,0,0,0,51,55,0,0,0,0,0,0,0,0,0,0,0,0,0,0,0,0,0,0,0,0,0,0,0,0,0,0,0,0,0,0,0,0,0,0,0,0,0,0,0,0
asv0551_SAR86 clade,0,0,0,0,0,0,0,0,0,0,0,0,0,0,0,0,0,0,0,0,0,0,0,0,0,0,0,0,0,0,0,0,0,66,0,36,0,0,0,0,0,0,0,0,0,0,0,0,0,0,0,0,0,98,0,0,0,0,0,0,0,0,0,0,0,0,0,0,0,0,36,0
asv0559_Nitrosopumilaceae,0,0,0,0,0,0,0,0,0,0,0,0,0,0,0,0,0,5,0,0,0,0,0,220,0,0,0,0,0,0,0,83,0,0,0,0,0,0,0,0,0,0,0,0,0,0,0,0,0,0,0,0,0,0,0,0,0,265,0,0,0,0,0,0,0,0,0,0,0,0,0,0
asv0567_Amoebophilaceae,0,0,0,0,0,0,0,0,0,0,0,0,0,0,0,0,0,76,0,104,0,0,0,0,0,0,0,0,0,61,0,0,0,0,0,0,0,0,0,0,0,0,0,0,0,0,0,0,0,0,0,0,0,0,0,0,0,0,0,0,0,71,0,0,0,0,0,0,0,0,0,0
asv0583_Actinomarinaceae,0,0,0,0,0,0,0,0,0,0,0,0,0,0,0,0,0,0,0,0,0,0,0,0,0,0,0,0,0,0,0,0,128,0,0,25,0,0,0,0,0,0,0,0,0,0,0,0,0,0,0,0,0,0,0,0,0,0,0,0,0,0,0,0,0,0,0,0,0,0,17,73
asv0585_Vibrionaceae,0,0,0,0,0,0,0,0,0,11,0,0,4,0,0,49,0,0,0,0,0,0,0,0,0,0,0,0,0,0,22,0,0,0,0,0,0,0,0,0,0,0,0,0,0,0,0,0,0,0,29,0,0,0,0,0,0,0,0,0,0,0,0,0,0,0,0,0,0,0,0,0
asv0586_Amoebophilaceae,0,0,0,0,0,0,0,0,0,0,0,0,0,0,0,0,0,44,0,84,0,0,0,0,0,0,0,0,0,0,0,0,0,0,0,0,0,0,11,6,0,0,0,0,0,0,0,0,0,0,0,0,0,0,0,0,0,0,0,0,0,0,0,0,0,0,0,0,0,0,0,0
asv0605_Amoebophilaceae,0,0,0,0,0,0,0,0,0,0,0,11,0,0,0,0,0,47,0,113,0,0,0,0,0,0,0,0,0,0,0,0,0,0,0,0,0,0,0,9,0,0,0,0,0,0,0,0,0,0,0,0,0,0,0,0,0,0,0,0,0,0,0,0,0,0,0,0,0,0,0,0
asv0616_Rhodobacteraceae,0,0,0,0,0,0,0,0,0,0,0,0,0,0,0,0,0,0,0,0,0,0,0,0,0,0,0,0,0,0,0,0,0,0,0,47,0,0,0,0,0,0,0,0,0,0,0,0,0,0,0,0,38,64,0,0,0,0,0,0,0,0,0,0,0,0,0,0,0,0,28,0
asv0625_Actinomarinaceae,0,0,0,0,0,0,0,0,0,0,0,0,0,0,0,0,0,0,0,0,0,0,0,0,0,0,0,0,0,0,0,0,0,0,133,20,0,0,0,0,0,0,0,0,0,0,0,0,0,0,0,0,0,0,0,0,0,0,0,0,0,0,0,0,0,0,0,0,0,0,18,23
asv0632_Flavobacteriaceae,0,0,0,0,0,0,0,0,0,0,0,0,0,0,0,0,0,0,0,0,0,0,0,0,0,0,2,0,0,0,0,0,30,0,0,41,0,0,0,0,0,0,0,0,0,0,0,0,0,0,0,0,0,0,0,0,0,0,0,0,0,0,0,0,0,0,0,0,0,0,0,133
asv0652_Vibrionaceae,0,0,0,0,0,0,0,4,0,0,0,0,1,0,45,0,0,0,0,0,0,0,0,0,0,0,0,0,0,0,15,15,0,0,0,0,0,0,0,0,0,0,0,0,0,0,0,0,0,16,0,0,0,0,0,0,0,0,0,0,0,0,0,0,0,0,0,0,0,0,0,0
asv0776_Flavobacteriaceae,0,0,0,0,0,0,0,0,0,0,0,0,0,0,0,0,0,0,0,0,0,0,0,0,0,0,0,0,0,0,0,0,0,0,0,47,0,0,0,0,0,0,0,0,0,0,0,0,0,0,0,0,0,0,0,0,0,0,0,0,0,0,0,0,22,0,0,0,0,0,25,29
asv0813_Endozoicomonadaceae,0,0,0,0,0,0,0,0,0,0,0,0,0,0,9,0,0,0,8,32,22,0,0,0,13,9,0,0,2,0,0,0,0,0,0,0,0,0,0,0,0,0,11,0,11,0,0,0,13,0,0,0,0,0,0,0,0,0,0,0,0,0,0,0,0,0,0,0,0,0,0,0
asv0814_Endozoicomonadaceae,0,0,0,0,0,0,0,0,0,0,0,0,0,0,6,0,0,0,18,20,15,0,0,0,6,1,0,0,9,0,0,0,0,0,0,0,0,0,0,0,0,0,8,0,10,0,0,0,12,0,0,0,0,0,0,0,0,0,0,0,0,0,0,0,0,0,0,0,0,0,0,0
asv0820_Actinomarinaceae,0,0,0,0,0,0,0,0,0,0,0,0,0,0,0,0,0,0,0,0,0,0,0,0,0,0,0,0,0,0,0,0,0,0,0,10,0,0,0,0,0,0,0,0,0,0,0,0,0,0,0,0,0,93,0,0,0,0,0,0,0,0,0,0,0,0,0,0,0,0,14,23
asv0841_Actinomarinaceae,0,0,0,0,0,0,0,0,0,0,0,0,0,0,0,0,0,0,0,0,0,0,0,0,0,0,0,0,0,0,0,0,0,0,0,13,0,0,0,0,0,0,0,0,0,0,0,0,0,0,0,0,115,23,0,0,0,0,0,0,0,0,0,0,0,0,0,0,0,0,22,0
asv0890_Vibrionaceae,0,0,0,0,0,0,0,0,0,0,0,0,5,9,0,38,0,0,0,0,0,0,58,0,0,0,0,0,0,0,0,0,0,0,0,0,0,0,0,0,0,0,0,0,0,0,0,0,0,0,0,0,0,0,0,0,0,0,0,0,0,0,0,0,0,0,0,0,0,0,0,0
asv0942_Spirochaetaceae,0,14,0,0,0,0,0,1,0,0,0,0,0,0,0,0,0,0,0,0,0,0,0,0,0,0,0,0,0,0,0,26,0,0,0,0,0,0,0,15,0,0,0,0,0,0,0,0,0,0,0,0,0,0,0,0,0,0,0,0,0,0,0,0,0,0,0,0,0,0,0,0
asv0956_Endozoicomonadaceae,0,0,0,0,0,0,0,0,0,0,0,0,0,0,8,0,0,0,15,13,9,0,0,0,6,8,0,0,13,0,0,0,0,0,0,0,0,0,0,0,0,0,19,0,0,0,0,0,4,0,0,0,0,0,0,0,0,0,0,0,0,0,0,0,0,0,0,0,0,0,0,0
asv0968_Endozoicomonadaceae,0,0,0,0,0,0,0,0,0,0,0,0,0,0,9,0,0,0,6,9,4,0,0,0,1,2,0,0,27,0,0,0,0,0,0,0,0,0,0,0,0,0,1,0,8,0,0,0,8,0,0,0,0,0,0,0,0,0,0,0,0,0,0,0,0,0,0,0,0,0,0,0
asv1017_Endozoicomonadaceae,0,0,0,0,0,0,0,0,0,0,0,0,0,0,5,0,0,0,10,20,5,0,0,0,11,1,0,0,13,0,0,0,0,0,0,0,0,0,0,0,0,0,4,0,4,0,0,0,4,0,0,0,0,0,0,0,0,0,0,0,0,0,0,0,0,0,0,0,0,0,0,0
asv1035_Endozoicomonadaceae,0,0,0,0,0,0,0,0,0,0,0,0,0,0,5,0,0,0,30,8,4,0,0,0,12,3,0,0,7,0,0,0,0,0,0,0,0,0,0,0,0,0,1,0,1,0,0,0,6,0,0,0,0,0,0,0,0,0,0,0,0,0,0,0,0,0,0,0,0,0,0,0
asv1082_Actinomarinaceae,0,0,0,0,0,0,0,0,0,0,0,0,0,0,0,0,0,0,0,0,0,0,0,0,0,0,0,0,0,0,0,0,0,0,19,20,0,0,0,0,0,0,0,0,0,0,0,0,0,0,0,0,0,0,0,0,0,0,0,0,0,0,0,0,0,0,0,0,0,0,35,27
asv1119_Actinomarinaceae,0,0,0,0,0,0,0,0,0,0,0,0,0,0,0,0,0,0,0,0,0,0,0,0,0,0,0,0,0,0,0,0,111,0,0,25,0,0,0,0,0,0,0,0,0,0,0,0,0,0,0,0,0,0,0,0,0,0,0,0,0,0,0,0,0,0,0,0,0,0,8,31
asv1159_Actinomarinaceae,0,0,0,0,0,0,0,0,0,0,0,0,0,0,0,0,0,0,0,0,0,0,0,0,0,0,0,0,0,0,0,0,0,0,0,26,0,0,0,0,0,0,0,0,0,0,0,0,0,0,0,0,40,32,0,0,0,0,0,0,0,0,0,0,0,0,0,0,0,0,26,0
asv1213_Endozoicomonadaceae,0,0,0,0,0,0,0,0,0,0,0,0,0,0,5,0,0,0,14,1,0,0,0,0,5,14,0,0,7,0,0,0,0,0,0,0,0,0,0,0,0,0,0,0,9,0,0,0,9,0,0,0,0,0,0,0,0,0,0,0,0,0,0,0,0,0,0,0,0,0,0,0
asv1214_Endozoicomonadaceae,0,0,0,0,0,0,0,0,0,0,0,0,0,0,3,0,0,0,10,1,4,0,0,0,11,4,0,0,2,0,0,0,0,0,0,0,0,0,0,0,0,0,11,0,8,0,0,0,3,0,0,0,0,0,0,0,0,0,0,0,0,0,0,0,0,0,0,0,0,0,0,0
asv1215_Endozoicomonadaceae,0,0,0,0,0,0,0,0,0,0,0,0,0,0,3,0,0,0,6,16,5,0,0,0,14,0,0,0,17,0,0,0,0,0,0,0,0,0,0,0,0,0,1,0,4,0,0,0,8,0,0,0,0,0,0,0,0,0,0,0,0,0,0,0,0,0,0,0,0,0,0,0
asv1221_Actinomarinaceae,0,0,0,0,0,0,0,0,0,0,0,0,0,0,0,0,0,0,0,0,0,0,0,0,0,0,0,0,0,0,0,0,0,0,73,25,0,0,0,0,0,0,0,0,0,0,0,0,0,0,0,0,0,0,0,0,0,0,0,0,0,0,0,0,0,0,0,0,0,0,20,17
asv1391_Endozoicomonadaceae,0,0,0,0,0,0,0,0,0,0,0,0,0,0,2,0,0,0,6,3,3,0,0,0,1,10,0,0,17,0,0,0,0,0,0,0,0,0,0,0,0,0,2,0,8,0,0,0,8,0,0,0,0,0,0,0,0,0,0,0,0,0,0,0,0,0,0,0,0,0,0,0
asv1401_Cyanobiaceae,0,0,0,0,0,0,0,0,0,0,0,0,0,0,0,0,0,0,0,0,0,0,0,0,0,0,0,0,0,0,0,0,0,0,15,3,0,0,0,0,0,0,0,0,0,0,0,0,0,0,0,0,0,0,0,0,0,0,0,0,0,0,0,0,0,0,0,0,0,49,22,8
asv1567_Endozoicomonadaceae,0,0,0,0,0,0,0,0,0,0,0,0,0,0,4,0,0,0,18,4,14,0,0,0,7,1,0,0,8,0,0,0,0,0,0,0,0,0,0,0,0,0,2,0,3,0,0,0,6,0,0,0,0,0,0,0,0,0,0,0,0,0,0,0,0,0,0,0,0,0,0,0
asv1621_Cyanobiaceae,0,0,0,0,0,0,0,0,0,0,0,0,0,0,0,0,0,0,0,0,0,0,0,11,0,0,0,0,0,0,0,0,0,0,21,1,0,0,0,0,0,0,0,0,0,0,0,0,0,0,0,0,0,0,0,0,0,0,0,0,0,0,0,0,0,0,0,0,0,47,8,24
asv1888_Cyanobiaceae,0,0,0,0,0,0,0,0,0,0,0,0,0,0,0,0,0,0,0,0,0,0,0,7,0,0,0,0,0,0,0,0,0,0,10,4,0,0,0,0,0,0,0,0,0,0,0,0,0,0,0,0,0,0,0,0,0,0,0,0,0,0,0,0,0,0,0,0,0,0,10,36
asv2032_Cyanobiaceae,0,0,0,0,0,0,0,0,0,0,0,0,0,0,0,0,0,0,0,0,0,0,0,20,0,0,0,0,0,0,0,0,0,0,2,2,0,0,0,0,0,0,0,0,0,0,0,0,0,0,0,0,0,0,0,0,0,0,0,0,0,0,0,0,0,0,0,0,0,0,18,33
asv2251_Cyanobiaceae,0,0,0,0,0,0,0,0,0,0,0,0,0,0,0,0,0,0,0,0,0,0,0,37,0,0,0,0,0,0,0,0,0,0,11,11,0,0,0,0,0,0,0,0,0,0,0,0,0,0,0,0,0,0,0,0,0,0,0,0,0,0,0,0,0,0,0,0,0,0,13,14
asv2388_Cyanobiaceae,0,0,0,0,0,0,0,0,0,0,0,0,0,0,0,0,0,0,0,0,0,0,0,33,0,0,0,0,0,0,0,0,0,0,1,1,0,0,0,0,0,0,0,0,0,0,0,0,0,0,0,0,0,0,0,0,0,0,0,0,0,0,0,0,0,0,0,0,0,0,24,9